Rank,Name,Nat.,20/09 Belgrade (SA),27/09 Gand (SA),04/10 Genève (SA),11/10 Split (SA),18/10 Dublin (SA),25/10 Barcelone (SA),05/12 Vancouver (A),09/01 Fujairah (A),24/01 Doha (GP),05/02 Heidenheim (A),26/03 Astana (A),17/04 Budapest (GP),08/05 Medellín (GP),22/05 Berne (A),01/06 Abidjan (CHZ),16/06 Lima (CHZ),16/06 Antony (CHZ),20/06 Delhi (CHZ),23/07 Hong Kong (CHM),Total points
1,ELSAYED Mohamed,EGY,,,,,,,32.0,8.0,21.0,20.0,20.0,3.0,12.0,32.0,48.0,,,,35.0,208.0
2,KANO Koki,JPN,,,,,,,4.0,4.0,12.0,14.0,14.0,21.0,48.0,8.0,,,,30.0,35.0,174.0
3,MENCARELLI Simone,ITA,,,,,,,1.0,4.0,39.0,1.0,1.0,1.5,30.0,4.0,,,48.0,,20.0,146.5
4,TULEN Tristan,NED,,0.25,,,4.0,,4.0,1.0,48.0,20.0,4.0,30.0,21.0,4.0,,,6.0,,5.0,134.0
5,GALASSI Matteo,ITA,,,0.25,,,,20.0,26.0,6.0,8.0,14.0,6.0,39.0,14.0,,,6.0,,10.0,129.0
6,YAMADA Masaru,JPN,,,,,,,8.0,4.0,3.0,8.0,,6.0,3.0,4.0,,,,48.0,50.0,128.0
7,DI VEROLI Davide,ITA,,,,,,,4.0,8.0,12.0,26.0,4.0,6.0,,2.0,,,3.0,,65.0,124.0
8,KURBANOV Ruslan,KAZ,,,,,,,8.0,8.0,3.0,32.0,26.0,,3.0,4.0,,,,30.0,10.0,118.0
9,KONGSTAD Conrad Seibaek,DEN,,,,,,,0.25,32.0,1.5,8.0,8.0,0.75,21.0,2.0,,,30.0,,10.0,111.0
10,SVICHKAR Roman,UKR,,,,0.25,,,1.0,14.0,21.0,4.0,32.0,3.0,3.0,14.0,,,3.0,,20.0,108.0
11,KOCH Mate Tamas,HUN,,,,,,,14.0,20.0,6.0,4.0,14.0,3.0,21.0,4.0,,,12.0,,20.0,107.0
12,MALCOTTI Lucas,SUI,,,0.0,,,,0.25,1.0,0.75,8.0,4.0,1.5,6.0,1.0,,,3.0,,80.0,103.5
13,ANDRASFI Tibor,HUN,,,,,,,14.0,2.0,12.0,4.0,2.0,3.0,3.0,26.0,,,21.0,,20.0,100.0
14,NAGY David,HUN,,,,,,,4.0,0.25,12.0,4.0,20.0,48.0,3.0,4.0,,,6.0,,5.0,99.0
15,JURKA Jakub,CZE,,,,,,,4.0,8.0,21.0,14.0,4.0,21.0,3.0,20.0,,,6.0,,5.0,95.0
16,SIKLOSI Gergely,HUN,,,,,,,20.0,2.0,30.0,4.0,4.0,12.0,,4.0,,,3.0,,20.0,93.0
17,FEINBERG Gabriel,USA,,,,,,,1.0,2.0,21.0,0.25,2.0,3.0,1.5,0.5,,48.0,,,1.25,78.75
18,LUGONES RUGGERI Jesus Andres,ARG,,,,,,0.25,,,,2.0,,6.0,6.0,0.5,,39.0,,,20.0,73.75
19,SHVELIDZE Dmitrii,RUS,,,,,,,8.0,1.0,1.5,4.0,2.0,21.0,,2.0,,,1.5,,35.0,73.5
20,BAYARD Alexis,SUI,,,3.0,,,,8.0,20.0,12.0,8.0,8.0,6.0,6.0,8.0,,,12.0,,5.0,73.0
21,PROKHODOV Kirill,KAZ,,,,,,,4.0,2.0,3.0,14.0,8.0,0.375,3.0,0.5,,,,21.0,20.0,73.0
22,SERTAY Yerlik,KAZ,,,,,,,0.25,4.0,3.0,1.0,2.0,39.0,3.0,0.0,,,,12.0,5.0,68.0
23,LOYOLA Neisser,BEL,,0.5,,,,,4.0,4.0,6.0,0.5,0.25,6.0,6.0,0.5,,,30.0,,10.0,66.0
24,KOSHMAN Nikita,UKR,,,2.0,2.0,,0.25,1.0,0.0,3.0,4.0,4.0,12.0,21.0,2.0,,,12.0,,5.0,61.0
25,BARDENET Alexandre,FRA,,,,,,,2.0,4.0,12.0,4.0,2.0,3.0,12.0,2.0,,,3.0,,20.0,58.0
26,ALOMAIRI Khalifah,KSA,,,,,,,0.0,0.25,0.0,0.25,,3.0,,0.25,,,,3.0,50.0,56.75
27,HAURI Ian,SUI,,,,,,,2.0,4.0,3.0,4.0,2.0,30.0,6.0,0.5,,,6.0,,2.5,55.5
28,SARID Alon,ISR,,,,,,,2.0,1.0,,0.25,4.0,,,4.0,,,39.0,,5.0,55.25
29,FORTIN Paul,FRA,,,,,,,2.0,2.0,0.75,0.25,0.25,0.375,30.0,2.0,,,6.0,,10.0,52.75
30,MATSUMOTO Ryu,JPN,,,,,,,2.0,0.5,3.0,2.0,0.5,0.75,3.0,1.0,,,,6.0,35.0,52.0
31,VILENSKY Dov Ber,ISR,,,,,,,26.0,,,1.0,2.0,6.0,,0.25,,,6.0,,10.0,51.25
32,KNYSH Oleg,USA,,,,,,,4.0,2.0,3.0,0.0,0.5,0.75,1.5,,,30.0,,,10.0,51.25
33,LEE Rang,TPE,,,,,,,1.0,2.0,,2.0,0.5,3.0,,0.25,,,,39.0,1.25,48.75
34,ELKORD Houssam,MAR,,,,,,,,0.25,,1.0,0.25,0.375,1.5,,39.0,,,,5.0,47.375
35,SCHEMBRI Kruz,ISV,,,,,,,14.0,,,4.0,,6.0,0.75,,,12.0,,,10.0,46.75
36,GUSEV Dmitriy,RUS,,,,,,,,1.0,30.0,1.0,2.0,0.0,,0.25,,,0.0,,10.0,44.25
37,IMREK Samuel,USA,,,,,,,4.0,2.0,3.0,8.0,2.0,3.0,12.0,4.0,,12.0,,,1.25,44.25
38,PARK Sangyoung,KOR,,,,,,,1.0,8.0,12.0,1.0,2.0,1.5,6.0,4.0,,,,6.0,5.0,43.0
39,FRAZAO Miguel,POR,,4.0,,,1.0,4.0,4.0,0.5,0.75,1.0,8.0,12.0,6.0,2.0,,,3.0,,5.0,42.0
40,KOMATA Akira,JPN,,,,,,,2.0,2.0,6.0,8.0,4.0,3.0,3.0,4.0,,,,12.0,5.0,42.0
41,ELSAYED Mahmoud,EGY,,,,0.25,,,2.0,2.0,0.75,2.0,2.0,0.75,,1.0,30.0,,,,2.5,41.5
42,BROOKE Alec,ARG,,,,,,,,,3.0,,,1.5,12.0,2.0,,21.0,,,1.25,40.75
43,COHEN Yonatan,ISR,,,0.0,,,,0.25,0.5,,2.0,2.0,6.0,,4.0,,,21.0,,5.0,40.5
44,FONG Hoi Sun,HKG,,,,,,,14.0,4.0,3.0,2.0,4.0,6.0,1.5,0.5,,,,6.0,2.5,39.5
45,IMREK Elijah,USA,,,,,,,0.25,14.0,3.0,2.0,2.0,3.0,6.0,2.0,,6.0,,,5.0,39.0
46,FRENCH Dylan,CAN,,,,,,,0.5,0.25,,2.0,0.5,0.375,,0.25,,30.0,,,5.0,38.625
47,SHAMEL Youssef,EGY,,,,,,,,14.0,,,,,0.0,,21.0,,,,2.5,37.5
48,FRAZAO Filipe,POR,,0.5,,,0.0,1.0,0.5,0.5,1.5,0.25,4.0,1.5,3.0,0.5,,,21.0,,5.0,37.0
49,GAVALDA Eugeni,ESP,,,,,,0.0,0.25,14.0,1.5,2.0,1.0,1.5,3.0,14.0,,,0.0,,2.5,37.0
50,VINEIS Sven,SUI,,,0.0,,,,2.0,8.0,0.75,0.25,1.0,0.375,3.0,1.0,,,12.0,,10.0,37.0
51,ZHULINSKIY Nikita,KAZ,,,,,,,2.0,4.0,1.5,14.0,1.0,3.0,6.0,0.5,,,,6.0,,35.0
52,FERNANDEZ CALLEJA Alvaro,ESP,4.0,,,,3.0,0.0,2.0,2.0,,0.25,1.0,0.375,,0.25,,,21.0,,1.25,34.25
53,CAMARGO Alexandre,BRA,,,,,,,1.0,0.25,0.375,0.5,,0.375,3.0,20.0,,6.0,,,2.5,33.375
54,MICHALAK Damian,POL,,,,0.0,,,8.0,1.0,6.0,0.25,2.0,1.5,,0.25,,,12.0,,2.5,33.0
55,XIAO Ruibo (Leon),CAN,,,,,,,1.0,2.0,,0.25,,0.375,12.0,,,12.0,,,5.0,32.625
56,RUBES Martin,CZE,,,,,,,2.0,0.5,1.5,2.0,0.5,3.0,1.5,2.0,,,12.0,,10.0,32.5
57,FENYVESI Csaba,HUN,0.0,,,,,,2.0,1.0,6.0,0.25,,21.0,0.75,2.0,,,,,,32.0
58,JEAN JOSEPH Kendrick,FRA,,,,,,,2.0,1.0,12.0,0.5,4.0,1.5,3.0,0.5,,,6.0,,2.5,31.0
59,TYCHLER Pavel,RSA,,,,,,,,,,,,,,,30.0,,,,0.625,30.625
60,DEGUCHI Nicolas,BRA,,,,,,,,,,0.0,,0.75,,8.0,,21.0,,,0.0,29.75
61,XIU Yuhan,CHN,,,,,,,0.0,0.25,,2.0,1.0,1.5,,0.25,,,,21.0,2.5,28.5
62,KESZTHELYI Zsombor,HUN,,,,,,,2.0,4.0,0.375,2.0,8.0,12.0,1.5,1.0,,,,,,28.0
63,SHAN Junzhe (Simon),CAN,,,,,,,4.0,1.0,,1.0,,,,,,21.0,,,0.625,27.625
64,GALLY Aymerick,FRA,,,,,,,2.0,1.0,1.5,0.25,0.25,3.0,12.0,0.25,,,3.0,,5.0,27.5
65,KWON Omin,KOR,,,,,,,0.5,4.0,0.375,2.0,,0.375,0.75,4.0,,,,6.0,10.0,27.25
66,BRINKMANN Marco,GER,,0.5,,,,,0.5,1.0,0.75,1.0,14.0,0.375,,1.0,,,6.0,,2.5,26.25
67,HO Wai Hang,HKG,,,,,,,0.0,2.0,0.0,0.5,0.0,0.75,6.0,0.0,,,,12.0,5.0,26.25
68,CROOK Jacob,AUS,,,,,,,0.0,0.0,0.375,0.25,1.0,,,,,,,21.0,2.5,25.125
69,ARMALEO Filippo,ITA,,,0.5,,,,0.25,4.0,3.0,4.0,2.0,1.5,12.0,1.0,,,,,,25.0
70,JANG Hyomin,KOR,,,,,,,0.25,2.0,3.0,2.0,2.0,0.0,6.0,0.25,,,,,10.0,25.0
71,LAU Ho Fung,HKG,,,,,,,4.0,2.0,0.75,2.0,0.5,1.5,1.5,0.5,,,,12.0,1.25,24.25
72,LAN Minghao,CHN,,,,,,,,,,0.25,8.0,0.375,,0.5,,,,12.0,2.5,23.625
73,BELLMANN Lukas,GER,,1.0,,,,,1.0,2.0,6.0,0.25,1.0,,0.75,8.0,,,3.0,,2.5,23.5
74,YANG Fengming,CHN,,,,,,,,0.25,,4.0,2.0,3.0,,1.0,,,,12.0,1.25,23.5
75,PRIINITS Sten,EST,,,,0.0,,3.0,,,3.0,0.25,,0.75,,8.0,,,3.0,,5.0,23.0
76,LUGO Grabiel,VEN,,,,0.0,,0.25,,,,,,,,0.25,,21.0,,,1.25,22.75
77,MOHSEN Mahmoud,EGY,,,,,,,0.25,4.0,,0.25,,0.75,,0.25,12.0,,,,5.0,22.5
78,BARGUES Manuel,ESP,,,,,,0.0,0.25,0.5,3.0,0.5,1.0,3.0,0.0,2.0,,,3.0,,10.0,22.5
79,NG Ho Tin,HKG,,,,,,,1.0,0.5,1.5,0.25,0.5,3.0,3.0,0.5,,,,3.0,10.0,22.0
80,GE Yilu,TPE,,,0.0,,,,1.0,2.0,,0.25,2.0,,,2.0,,,,12.0,2.5,21.75
81,MOHAMMEDI Imrane,ALG,,0.25,0.0,,,0.0,,,,0.0,,0.375,,0.0,21.0,,,,,21.625
82,ISLAMOV Rustam,KGZ,,,,,,,,,,,,0.375,,0.0,,,,21.0,,21.375
83,ALVARES DE OLIVEIRA Victor,CPV,,,,,,,,,,,,,,,21.0,,,,,21.0
84,ROUSSEL Thomas,CIV,,,,,,,,,,,,,,0.0,21.0,,,,0.0,21.0
85,MAKIIENKO Ievgen,UKR,,,,,,,0.25,0.25,3.0,0.25,1.0,1.5,,2.0,,,12.0,,1.25,21.0
86,SANTARELLI Andrea,ITA,,,,,,,1.0,0.25,6.0,0.5,2.0,1.5,3.0,0.25,,,6.0,,1.25,20.75
87,TAFENAU Kasper,EST,,,,,,,,,,0.25,,12.0,,,,,3.0,,5.0,20.25
88,KOVACS Gergely,HUN,2.0,,,4.0,,,4.0,2.0,3.0,2.0,,3.0,6.0,0.25,,,,,,20.0
89,JORGENSEN Patrick,DEN,3.0,0.25,0.25,,,,2.0,2.0,3.0,0.25,0.5,1.5,6.0,1.0,,,1.5,,2.5,20.0
90,FAVRE Hadrien,SUI,,,,,,,0.5,0.25,1.5,4.0,1.0,12.0,1.5,1.0,,,,,,20.0
91,BUELAU Matthew,GER,,,,,,,0.5,1.0,3.0,0.25,2.0,,,0.25,,,12.0,,1.25,20.0
92,MIDELTON Luidgi,FRA,,,,,,,0.25,4.0,,0.5,1.0,3.0,3.0,8.0,,,,,,19.0
93,LAMBREY MESSIKA Yehonathan,ISR,,,,,,,8.0,1.0,,0.25,0.25,0.75,,0.5,,,3.0,,5.0,18.5
94,SHARLAIMOV Vadim,KAZ,,,,,,,1.0,0.5,1.5,1.0,1.0,6.0,3.0,2.0,,,,,5.0,18.5
95,BRUEV Georgiy,RUS,,,,,,,,,,,,,,14.0,,,3.0,,1.25,18.25
96,MARKOTA Vedran,CRO,,,,0.5,1.0,,,,6.0,1.0,,0.75,0.75,0.5,,,3.0,,5.0,17.5
97,NAM Yeonho,KOR,,,,,,,0.5,0.5,6.0,0.0,0.25,3.0,1.5,2.0,,,,3.0,1.25,17.25
98,GUROV Kirill,RUS,,,,,,,2.0,2.0,3.0,2.0,2.0,,,8.0,,,,,,17.0
99,ONISHCHUK Kirill,RUS,,,,,,,,0.25,1.5,0.25,8.0,0.75,,1.0,,,3.0,,2.5,17.0
100,RUBIN Daniel,CAN,,,,,,,4.0,,,0.25,,,0.75,,,12.0,,,,17.0
101,MAHRINGER Josef,AUT,,,,,,,1.0,,,2.0,,0.375,,0.5,,,3.0,,10.0,16.875
102,METRAILLER Clement,SUI,,,0.5,,,,8.0,0.0,6.0,0.25,0.0,1.5,0.75,0.25,,,,,,16.75
103,GIANNOTTE Flavio,LUX,,,,,,,4.0,0.25,0.375,1.0,,0.375,3.0,0.25,,,3.0,,5.0,16.75
104,ANTKIEWICZ Mateusz,POL,,,,,,,1.0,2.0,,4.0,,1.5,,0.25,,,3.0,,5.0,16.75
105,BIRO Alexander,AUT,,,,,0.0,,,,,0.5,,12.0,,1.0,,,0.0,,2.5,16.0
106,BUZZACCHINO Gianpaolo,ITA,,,,,,,2.0,2.0,6.0,4.0,1.0,0.375,0.75,2.0,,,,,,16.0
107,JOHANIDES Lukas Jakub,SVK,,,0.0,0.0,,0.0,2.0,0.25,3.0,0.25,1.0,0.75,0.75,0.5,,,3.0,,5.0,15.5
108,SVENSSON Jonathan,SWE,,,,,,,,,,1.0,8.0,0.375,,2.0,,,3.0,,0.625,15.0
109,BAKYTBEK UULU Ilim,KGZ,,,,,,,,,,,0.5,1.5,,0.25,,,,12.0,0.625,14.875
110,GUNPUT Satya,MRI,,0.0,0.0,,,0.0,0.0,,0.75,0.25,0.25,0.0,,0.25,12.0,,,,1.25,14.75
111,URBAN Piotr,POL,,,,0.25,,,0.0,0.0,3.0,0.5,4.0,0.75,,1.0,,,3.0,,2.5,14.75
112,ZHANG Xinkun,CHN,,,,,,,1.0,8.0,,0.25,0.25,3.0,,1.0,,,,,1.25,14.5
113,BILLA Gaetan,FRA,,,,,,,1.0,1.0,6.0,0.5,0.5,0.375,6.0,,,,,,,14.5
114,PAVLOV Kiril,KAZ,,,,,,,2.0,2.0,3.0,1.0,0.5,6.0,1.5,1.0,,,,,,14.5
115,VAN NUNEN David,NED,,2.0,0.25,,,,0.25,1.0,,2.0,2.0,3.0,,0.5,,,3.0,,1.25,14.25
116,RASHAIDA Rahim,BUL,1.0,,,,0.0,,2.0,,,0.25,0.25,0.375,,4.0,,,6.0,,0.625,14.25
117,DORATI AMEGLIO Arturo Isaac,PAN,,,,,,,0.25,,,,,,1.5,0.25,,12.0,,,0.0,14.0
118,GUSMAN Agustin Adolfo,ARG,,,,,,0.0,,,,1.0,,0.375,,0.0,,12.0,,,0.625,14.0
119,PIATTI Enrico,ITA,,,,,,,0.25,1.0,6.0,2.0,1.0,0.375,3.0,2.0,,,,,,14.0
120,FEDOTOV Alexandr,KAZ,,,,,,,2.0,1.0,0.375,8.0,0.25,0.375,1.5,1.0,,,,,,13.5
121,MOLINA CERON Alexis Mauricio,ESA,,,,,,,,,,,,,0.375,0.25,,12.0,,,0.625,13.25
122,SIMMONS Ariel,USA,,,,,,,,,,,1.0,,12.0,0.25,,,,,,13.25
123,RODRIGUEZ John Edison,COL,,,,,,0.25,2.0,,,0.5,,,3.0,0.25,,6.0,,,1.25,13.25
124,SITO Jian Tong,SGP,,,,,,0.25,0.25,4.0,0.0,0.5,,0.375,,2.0,,,,6.0,0.0,13.125
125,EROLCEVIK Doruk,TUR,,,,0.5,,,0.0,,0.0,0.25,0.25,0.75,,0.25,,,6.0,,5.0,13.0
126,LIMARDO Jesus,VEN,,,,0.0,,0.5,0.25,,,2.0,0.5,1.5,1.5,2.0,,3.0,,,2.5,13.0
127,CUOMO Fabrizio,ITA,,,,,,,,0.25,6.0,,0.5,3.0,3.0,0.5,,,,,,13.0
128,STANGE Jakob,GER,,,,,,,8.0,,0.375,0.25,1.0,0.375,,0.25,,,1.5,,1.25,12.75
129,VILLACORTA PORTILLO Saul Moris,ESA,,,,,,,,,,,,,,0.0,,12.0,,,0.625,12.625
130,MOHAMADOU Fessal,CMR,,,,,,,,,,0.25,,0.375,,0.0,12.0,,,,0.0,12.625
131,LOSEVSKIY Sergey,RSA,0.25,0.0,,,,,,,0.375,,,,,,12.0,,,,,12.625
132,BEUGRE Bedi Paul Alex,CIV,,,,,,,,,,,,,,,12.0,,,,0.625,12.625
133,LIMARDO Francisco,VEN,,,,,,0.5,0.5,,,0.0,0.5,0.375,3.0,0.25,,6.0,,,1.25,12.125
134,SANER Harry,RSA,,,,,,,,,,,,,,,12.0,,,,0.0,12.0
135,SAGNAN Bourama Keba,SEN,,,,,,,,,,,,,,,12.0,,,,,12.0
136,TULEN Rafael,NED,,0.25,,,0.5,,0.25,0.5,1.5,0.25,0.0,0.75,1.5,0.25,,,6.0,,1.25,12.0
137,PELLE Domonkos,HUN,,,,,,,,,,,,12.0,,,,,,,,12.0
137,MENDES Philipe,SEN,,,,,,,,,,,,,,,12.0,,,,,12.0
139,KRASNIUK Mykhailo,UKR,,,,1.0,,0.0,0.25,0.25,3.0,0.0,0.0,3.0,,0.5,,,1.5,,2.5,11.75
140,PEREIRA Yulen,ESP,,,,,,0.5,1.0,0.0,,,4.0,0.375,,0.25,,,3.0,,2.5,11.625
141,YOO Justin,USA,,,,,,,2.0,0.0,0.375,0.25,0.0,6.0,3.0,0.25,,,,,,11.625
142,CUOMO Valerio,ITA,,,,,,,1.0,1.0,3.0,1.0,4.0,0.375,1.5,2.0,,,,,,11.5
143,STANKEVYCH Volodymyr,UKR,,,,,,,0.25,8.0,1.5,1.0,0.5,,,0.25,,,,,,11.25
144,TIMUROV Meyirkhan,UZB,,,,,,,,0.25,1.5,0.0,2.0,1.5,,0.25,,,,3.0,2.5,11.0
145,ASAMI Seiya,JPN,,,,,,,0.25,0.25,1.5,2.0,0.25,0.375,6.0,1.0,,,,,,10.875
146,VALDERRAMA Jorge,CHI,,,,0.0,2.0,0.0,,,,,0.25,,,,,6.0,,,2.5,10.75
147,JARVI Kerkko,FIN,,,,,,,,2.0,0.75,,,,,,,,3.0,,5.0,10.75
148,SOCHA Jan,POL,,,,,,,0.25,0.5,,0.25,1.0,0.375,,0.25,,,3.0,,5.0,10.375
149,LIMARDO GASCON Ruben,VEN,,,,,,1.0,,,,0.5,4.0,3.0,1.5,0.25,,,,,,10.0
150,SON Minseong,KOR,,,,,,,0.0,0.0,1.5,1.0,2.0,0.375,1.5,1.0,,,,3.0,,10.0
151,SEMANENKA Mark,BLR,,,,,,,0.25,,1.5,,0.5,3.0,0.375,2.0,,,,,2.5,9.875
152,CASTILLO GUTIERREZ Juan Andres,COL,,,,,,0.0,0.25,,,0.0,,,0.0,2.0,,6.0,,,1.25,9.5
153,MASTROMARINO Fabio,ITA,,,,,,,2.0,,1.5,,,,6.0,,,,,,,9.5
154,BROCHARD Theo,SUI,,,0.0,,,,0.25,4.0,0.75,0.5,1.0,0.0,1.5,2.0,,,,,,9.25
155,UDOVICHENKO Aleksey,RUS,,,,,,,2.0,0.5,6.0,0.25,0.5,0.0,,,,,,,,9.25
156,PENG Shengwei,CHN,,,,,,,,,,1.0,0.25,0.75,,4.0,,,,3.0,,9.0
157,HUANG Yuxuan,CHN,,,,,,,0.5,2.0,,0.25,0.25,6.0,,0.25,,,,,,9.0
158,NUNEZ Pablo,CHI,,,,0.25,0.25,0.25,0.5,,,,0.25,0.375,1.5,0.0,,6.0,,,,8.875
159,TZOVANIS Artemios,GRE,,,,,,,,,,,,,,0.25,,,6.0,,2.5,8.75
160,PUAH Zee Cher,SGP,,,,,,,,0.25,1.5,0.25,,,,0.0,,,,6.0,0.625,8.625
161,LIU Yongchuang,CHN,,,,,,,,2.0,,4.0,2.0,0.375,,0.25,,,,,,8.625
162,ANOKHIN Vadim,UZB,,,,,,,,,,,,0.375,,0.25,,,,3.0,5.0,8.625
163,JOVANOVIC Jovan,SRB,0.0,,,,,,0.25,,,0.0,,0.375,0.375,0.25,,,6.0,,1.25,8.5
164,LEE Simon Renjie,SGP,,,,,,,0.5,0.25,0.375,0.25,,0.375,,1.0,,,,6.0,,8.5
165,WU Chun-Ming,TPE,,,,,,,0.25,0.25,,,1.0,,,0.25,,,,6.0,0.625,8.375
166,YANG Yoonjin,KOR,,,,,,,2.0,0.5,0.375,1.0,4.0,0.375,0.75,0.5,,,,,,8.25
167,GORNOVSKY David,CAN,,,,,,,0.25,,,2.0,,,,1.0,,,,,5.0,8.25
168,PAVLIK Matyas,CZE,,,,,,,0.25,0.5,1.5,0.25,0.25,0.75,3.0,0.0,,,1.5,,0.625,8.125
169,FUHRIMANN Jonathan,SUI,,,4.0,,,,0.5,0.5,1.5,0.25,0.25,1.5,0.375,0.0,,,,,,8.0
170,SOMODY Soma,HUN,0.5,0.5,,3.0,,,1.0,0.0,,2.0,,1.5,,0.0,,,,,,8.0
171,DEL CONTRASTO Nicolo',ITA,,,,,,,,,,,,,,8.0,,,,,,8.0
172,SYCH Yan,UKR,,,,0.5,,,0.0,,,0.25,,6.0,,1.0,,,,,,7.75
173,BACKSTROM Ian,SWE,,,,,,,,,,0.25,0.0,,,0.25,,,6.0,,1.25,7.75
174,ALIMZHANOV Elmir,KAZ,,,,,,,0.5,0.5,0.75,2.0,1.0,3.0,0.75,1.0,,,,,,7.75
175,ABED Hassan,KSA,,,,,,,,,,,,,,0.25,,,,6.0,1.25,7.5
176,OSMAN-TOUSON Maruan,HUN,,,,,,,,0.0,1.5,2.0,,3.0,,1.0,,,,,,7.5
177,MURAYAMA Kentaro,JPN,,,,,,,0.0,1.0,1.5,0.5,0.25,0.375,0.0,4.0,,,,,,7.375
178,EAST William,GBR,,,0.0,,,0.0,1.0,,,,0.5,1.5,0.375,,,,1.5,,2.5,7.375
179,VEENENBOS Konrad,NED,0.5,0.0,0.0,,,,,,3.0,0.5,1.0,0.75,,0.5,,,1.5,,0.0,7.25
180,NGUYEN Phuoc Den,VIE,,,,,,,,,,,,,,,,,,6.0,1.25,7.25
181,BEAUTYMAN Cador,GBR,,,0.0,,,,0.0,2.0,0.375,0.25,1.0,0.0,0.75,1.0,,,1.5,,0.625,7.25
182,BENNET Joseph,IND,,,,,,,,0.5,,,0.0,,,,,,,6.0,0.625,7.125
183,PAAVOLAINEN Jaakko,FIN,,,,,,,,0.25,,2.0,0.25,0.75,,0.25,,,3.0,,0.625,7.125
184,BUTA Levente,HUN,,,,,,,,,,1.0,,6.0,,0.0,,,,,,7.0
185,ROMERO Juan Pedro,ESP,,,,,,0.25,2.0,1.0,,1.0,1.0,1.5,1.5,0.25,,,,,,7.0
186,BUZINOV Pavel,RUS,,,,,,,0.25,1.0,0.75,0.25,0.0,3.0,,2.0,,,,,,7.0
187,BRANDT Matheus,BRA,,,,,,,,,,0.0,,,0.75,,,6.0,,,,6.75
188,EL HAOUARI Abdelkarim,MAR,,,,,,,,,,,,,,,6.0,,,,0.625,6.625
189,GONZALEZ Felipe,CHI,,,,,0.25,0.0,,,,,,,0.375,0.0,,6.0,,,,6.625
190,FIGUEROA MORENO Miguel,VEN,,,,,,,,,,,0.5,,0.0,,,6.0,,,,6.5
191,JOSE Noelito,PHI,,,,,,,0.25,0.0,,,,,,2.0,,,,3.0,1.25,6.5
192,JENSEN August Lindstroem,DEN,,,,,,,1.0,0.0,0.75,0.5,0.25,0.375,,0.0,,,3.0,,0.625,6.5
193,AL JADRA Abdulrahman,QAT,,,,,,,,,0.375,,0.0,,,,,,,6.0,0.0,6.375
194,GAETANI Giulio,ITA,,,0.0,,,,2.0,2.0,0.375,2.0,,,,,,,,,,6.375
195,QUIROS Jose,PAN,,,,,,,0.0,,,,,,0.0,0.25,,6.0,,,,6.25
196,EL CHOUEIRY Antoine,LBN,,,,,,,,0.25,0.0,,,,,,,,,6.0,,6.25
197,KELLY Christopher,SWE,,,,,,,,,,1.0,1.0,,,0.25,,,1.5,,2.5,6.25
198,AMARI Djamel Eddine,ALG,,,,,,,,,,,,,,,6.0,,,,0.0,6.0
199,BERKANE Tamer Houssam Eddine,ALG,,,,,,,,,,,,0.0,,,6.0,,,,0.0,6.0
200,SEKONGO Paul Salomon,CIV,,,,,,,,,,,,,,,6.0,,,,,6.0
201,NGUYEN Tien Nhat,VIE,,,,,,,,,,,,,,,,,,6.0,,6.0
201,OURO-AGORO Al Yacine,TOG,,,,,,,,,,,,,,,6.0,,,,,6.0
203,GUBERT Leopoldo,BRA,,,,,,,,,,,,,,,,6.0,,,,6.0
203,ALAKHDAR Mohamed,LBA,,,,,,,,,,,,,,,6.0,,,,,6.0
205,BIN ISWAYD Yazin,LBA,,,,,,,,,,,,,,,6.0,,,,,6.0
206,SAOUAL Idris Noe,ALG,,,,,,,,,,,,,,,6.0,,,,,6.0
207,PHOONG Thanh Cam,VIE,,,,,,,,,,,,,,,,,,6.0,,6.0
207,IDONGESIT Mahathir,NGR,,,,,,,,,,,,,,,6.0,,,,,6.0
209,BUSTOS Joaquin,CHI,,,,,,,,,,,0.0,,,,,6.0,,,,6.0
210,NIYOMUGABO Jerome,RWA,,,,,,,,,,,,,,,6.0,,,,,6.0
211,DIARRASSOUBA Oumarou,CIV,,,,,,,,,,,,,,,6.0,,,,0.0,6.0
212,JOHNSON Diekolola,NGR,,,,,,,,,,,,,,,6.0,,,,,6.0
212,IMERI JORGE,GUA,,,,,,,,,,,,,,,,6.0,,,,6.0
214,ANINYEI Chizim Alex,NGR,,,,,,,,,,,,,,,6.0,,,,,6.0
215,MAISONET Hector,PUR,,,,,,,,,,,,,0.0,,,6.0,,,,6.0
216,ALSIHEERI Ahmed,LBA,,,,,,,,,,,,,,,6.0,,,,,6.0
217,ONYANGO Brian,KEN,,,,,,,,,,,,,,,6.0,,,,,6.0
218,DIAZ Jorge,MEX,,,,,,,,,,,,,,,,6.0,,,0.0,6.0
219,OCHIENG Victor,KEN,,,,,,,,,,,,,,,6.0,,,,,6.0
220,NURMATOV Javokhirbek,UZB,,,,,,,,0.25,0.75,0.5,0.5,0.375,,0.25,,,,3.0,0.625,6.0
221,BOULIERE Clement,FRA,,,,,,,,0.25,0.375,0.25,2.0,0.375,3.0,0.25,,,,,,6.0
222,EWART Stephen,USA,,,,,,,,0.5,,0.0,2.0,,1.5,2.0,,,,,,6.0
223,HWANG Hyeonil,KOR,,,,,,,2.0,0.0,1.5,0.5,0.5,0.375,1.5,0.25,,,,,,6.0
224,CROOK Lachlan,AUS,,,,,,,1.0,0.25,0.0,0.5,0.25,,0.375,0.25,,,,3.0,0.625,6.0
225,YASSEEN Mohamed,EGY,,,,,,,2.0,1.0,0.0,2.0,,0.375,,0.5,,,,,,5.875
226,GALABOV Yordan,BUL,0.25,,,,2.0,,0.0,,0.75,0.25,0.0,0.375,,,,,1.5,,0.625,5.75
227,CUPR Michal,CZE,,,,,,,0.25,,,0.5,0.0,0.375,0.75,0.25,,,3.0,,0.625,5.75
228,SAMOILOV Roman,UKR,0.5,,0.0,2.0,,,,0.0,0.75,0.25,2.0,0.375,,0.0,,,,,,5.625
229,YU Lefan,CHN,,,,,,,,2.0,,1.0,2.0,0.375,,0.25,,,,,,5.625
230,TAURIAINEN Topias,FIN,,,,,,,,0.25,0.0,0.5,0.25,0.375,,0.25,,,1.5,,2.5,5.625
231,SZAPARY Tristan,USA,,,,,,,0.5,,1.5,0.5,,,3.0,,,,,,,5.5
232,LAASIK Oliver,EST,,,,0.25,,2.0,,0.25,1.5,0.5,,0.375,,0.25,,,0.0,,0.625,5.25
233,ALAKKAS Omar,KSA,,,,,,,0.0,0.25,0.375,1.0,,0.0,,0.0,,,,3.0,0.625,5.25
234,ANDREWS Benjamin,GBR,,,0.5,,,,0.0,,0.375,,0.0,0.375,,0.25,,,3.0,,0.625,5.125
235,OPANASENKO Andrii,UKR,,,0.0,0.0,,,,2.0,1.5,1.0,0.25,0.375,,0.25,,,,,,5.125
236,CANDELA Nicholas,USA,,,,,,,0.5,1.0,3.0,0.25,,0.375,,,,,,,,5.125
237,ELIBOL Halis Efe,TUR,1.0,,,,,,,,0.75,0.25,,1.5,,0.0,,,1.5,,,5.0
238,SCHUHMANN Jan,AUT,,,,,0.5,0.0,1.0,,0.0,0.25,,0.375,0.0,0.0,,,1.5,,1.25,4.875
239,GLAZKOV Nikita,RUS,,,,,,,,1.0,3.0,0.25,0.25,0.375,,,,,,,,4.875
240,ONG Azfar Luqman,SGP,,,,,,,0.25,0.0,0.75,0.25,0.0,0.0,,0.5,,,,3.0,0.0,4.75
241,GORBACHUK Yevgeniy,UKR,,,,,,,,,0.0,1.0,0.5,3.0,,0.25,,,,,,4.75
242,BAKOS Balint,HUN,0.0,,,,,,,0.25,,0.5,,3.0,,1.0,,,,,,4.75
243,KUHTA Marko,FIN,,,,,,,,0.5,,1.0,0.25,,,,,,3.0,,,4.75
244,ROA Hernando,COL,,,,,,0.25,0.25,,,0.25,,,3.0,0.25,,0.0,,,0.625,4.625
245,SARKISYAN Artem,RUS,,,,,,,,,,0.5,1.0,3.0,,0.0,,,,,,4.5
246,CIESLIK Jakub,POL,,,,,,,,,,,2.0,0.375,,2.0,,,,,,4.375
247,GROUPIERRE RAMIRO Ivan Salvador,ARG,,,,,,,,,,,,,0.75,,,3.0,,,0.625,4.375
248,HAYES Isaac,AUS,,,,,,,1.0,,0.375,0.0,0.0,,,,,,,3.0,0.0,4.375
249,ABDELTAWAB Youssef,QAT,,,,,,,,,0.75,,,,,,,,,3.0,0.625,4.375
250,SOLA Jakov,CRO,,1.0,,0.0,,,,,0.0,0.25,,,,,,,3.0,,0.0,4.25
251,FREILICH Yuval Shalom,ISR,,,,,,,4.0,0.0,,0.25,,,,,,,,,,4.25
252,FLORIDO Pablo,MEX,,,,,,0.0,0.0,,,,,,,,,3.0,,,1.25,4.25
253,CÁCERES Mario,COL,,,,,,,,0.25,,0.25,,0.0,0.75,0.0,,3.0,,,,4.25
254,GONELL Gerard,ESP,,,,,,2.0,0.5,1.0,,0.25,,,,0.25,,,,,,4.0
255,DE BOCK Cyrille,BEL,,0.5,,,,,,,0.375,0.0,0.0,0.375,,0.25,,,0.0,,2.5,4.0
256,RAJENDRAN SHANTHIMOL Sherjin,IND,,,,,,,0.0,0.0,,,,0.75,,0.25,,,,3.0,0.0,4.0
257,SENNEWALD James,USA,,,,,,,0.25,0.25,3.0,0.25,,,,0.25,,,,,,4.0
258,SIMUNKOVIC Marko,CRO,,,,0.0,1.0,,,,0.0,0.0,,0.75,,,,,1.5,,0.625,3.875
259,JEAL James,GBR,,,0.5,,,0.0,,,,0.25,,0.75,,0.25,,,1.5,,0.625,3.875
260,DORATI Isaac,PAN,,,,,,,,,,,,,0.375,0.5,,3.0,,,,3.875
261,BREMS Alexander,DEN,,,,,,,0.25,0.25,0.75,0.25,0.25,0.0,,0.25,,,1.5,,0.625,3.875
262,HEURLIN VAZQUEZ Lino,FRA,,,,,,,1.0,,0.75,2.0,,,,,,,,,,3.75
263,PAZMINO GALINDO Miguel,ECU,,,,,,,,,,,,,0.75,,,3.0,,,,3.75
264,LE BERRE Gaetan,FRA,,,0.0,,,,,0.5,3.0,0.25,,,,,,,,,,3.75
265,NAKAJIMA Kou,JPN,,,,,,,0.25,0.25,3.0,0.25,,,,,,,,,,3.75
266,BIABIANY Mathias,FRA,,,,,,,,2.0,1.5,0.25,,,,,,,,,,3.75
267,REIJNAERS Finian,BEL,,0.0,,,,,,,0.375,,0.25,0.375,,0.25,,,0.0,,2.5,3.75
268,KOOVAKKAL JOSHY Aloshious,IND,,,,,,,,0.5,0.0,,0.25,,,0.0,,,,3.0,,3.75
269,FAFARD Fynn,CAN,,,,,,,0.5,1.0,,0.0,2.0,0.0,,0.25,,,,,,3.75
270,REKISH Aliaksei,BLR,,,,,,,,0.0,0.75,,,,,,,,3.0,,,3.75
271,PETROV Roman,KGZ,,,,,,,,,,,,,,,,,,3.0,0.625,3.625
272,DOVLETNAZAROV Jumanazar,TKM,,,,,,,,,,,,,,,,,,3.0,0.625,3.625
273,ASHWINI Shaurya,IND,,,,,,,,,,,,,,0.0,,,,3.0,0.625,3.625
274,WIMMER Nathaniel,USA,,,,,,,2.0,,0.375,,0.5,0.75,,,,,,,,3.625
275,MUMINOV Nurmuhammad,UZB,,,,,,,,0.25,0.375,0.0,0.0,,,,,,,3.0,,3.625
276,GULA Maksym,UKR,,,0.25,1.0,,0.0,,,,0.25,0.0,0.0,,2.0,,,,,,3.5
277,MYKYTENKO Maksym,UKR,,,0.25,0.5,,0.0,,,,,0.25,1.5,,1.0,,,,,,3.5
278,SENA Cristiano,ITA,,,,,,,,,,,,,3.0,0.5,,,,,,3.5
279,HSU Ching Wen,TPE,,,,,,,0.0,0.0,,0.25,0.25,,,0.0,,,,3.0,0.0,3.5
280,PAGANELLI Marco,ITA,,,,,,,,0.5,,,,,3.0,,,,,,,3.5
281,MUMENTHALER Colin,SUI,,,1.0,,,,0.25,0.0,0.375,,0.0,0.0,1.5,0.25,,,,,,3.375
282,HARTMANN Sven,AUT,,0.25,,,0.0,0.0,0.0,,0.0,0.0,,0.375,0.0,0.0,,,1.5,,1.25,3.375
283,MONCADA Alejandro,VEN,,,,,,,,,,1.0,,0.375,,2.0,,,,,,3.375
284,KARDASZEWICZ Jan,POL,,,,0.25,,,0.25,1.0,,0.0,0.25,1.5,,0.25,,,,,,3.25
285,AL MAAZMI Mohamed,UAE,0.25,,,0.0,0.0,,,0.0,0.0,0.0,,,,,,,,3.0,0.0,3.25
286,ALTUNIN Valentin,EST,,,,0.25,,,,0.25,0.75,0.0,0.5,1.5,,,,,,,,3.25
287,ESQUIVEL BERNALES David,CRC,,,,,,,0.25,,,,,,0.0,,,3.0,,,,3.25
288,LOYA Fernando,MEX,,,,,,,0.25,,,,,,,,,3.0,,,0.0,3.25
289,JOHNSTON LEYER Bradley,CRC,,,,,,,0.25,,,,,,0.0,0.0,,3.0,,,0.0,3.25
290,HUSSON Geoffroy,BEL,,0.0,,,,,,,0.75,1.0,0.25,0.375,,0.25,,,0.0,,0.625,3.25
291,BELOZEROV Mikhail,RUS,,,,,,,,2.0,0.375,,0.25,0.375,,0.25,,,,,,3.25
292,RAIYMBEKOV Barsbek,KGZ,,,,,,,,,,,0.25,,,0.0,,,,3.0,0.0,3.25
293,TAVOR Itamar,ISR,,,,,,,0.25,,,0.5,,1.5,,1.0,,,,,,3.25
294,LEGUBE Benoit,FRA,,3.0,0.0,,,,,,,,,,,,,,,,,3.0
295,ESMAEILI Mohammad,IRI,,,,,,,,,,,,,,,,,,3.0,,3.0
296,BERNAL Emmanuel,PAR,,,,,,,,,,,,,,,,3.0,,,,3.0
297,MEJIA GARCIA Cristian Edenilson,ESA,,,,,,,,,,,,,0.0,0.0,,3.0,,,,3.0
298,WILSON Joel,NZL,,,,,,,,,,,,,,,,,,3.0,,3.0
299,MARTINEZ Eduardo,GUA,,,,,,,,,,,,,0.0,,,3.0,,,,3.0
300,DELGADO VILLARUBIA Jean Marcel,PUR,,,,,,,0.0,,,0.0,,,0.0,,,3.0,,,,3.0
301,BAKER Matthew,NZL,,,,,,,,,,,,,,,,,,3.0,0.0,3.0
302,GALVAN Erick,MEX,,,,,,,0.0,,,,,,0.0,,,3.0,,,,3.0
303,ABBAS Mohsin,IRQ,,,,,,,,,0.0,,,,,,,,,3.0,,3.0
304,INDACOCHEA Cristobal,PER,,,,,,,,,,,,,0.0,,,3.0,,,,3.0
305,CABRERA Jorge,CRC,,,,,,,0.0,,,,,,,,,3.0,,,,3.0
306,CUZA RODRIGUEZ Ivan Alberto,CUB,,,,,,,,,,,,,3.0,,,,,,,3.0
307,MOVASHAHI ASR Amirhosein,IRI,,,,,,,,,,,,,,,,,,3.0,,3.0
308,PETERS Nicholas,NZL,,,,,,,,,,,,,,,,,,3.0,,3.0
309,NAMAZI Ali,IRI,,,,,,,,0.0,,,,,,,,,,3.0,,3.0
310,MUNKHKHASAR Ulaankhuu,MGL,,,,,,,,,,,0.0,0.0,,,,,,3.0,0.0,3.0
311,BEIK Behnam,IRI,,,,,,,,0.0,,,,,,,,,,3.0,,3.0
312,PETERSEN Ole,GER,,,,,,,0.25,0.25,1.5,0.25,0.25,0.75,,0.25,,,,,,3.0
313,GAO Daniel,USA,,,,,,,,0.25,1.5,,0.25,,0.75,0.25,,,,,,3.0
314,GRIFFITHS Ryan,USA,,,,,,,,0.25,,0.25,,0.375,1.5,0.5,,,,,,2.875
315,ALDAWOOD Jawad,KSA,,,,,,,1.0,1.0,0.0,0.25,,0.375,,0.25,,,,0.0,,2.875
316,ROUBAILO Niels,NED,0.25,,,,0.0,,0.25,0.25,,0.5,,0.0,1.5,0.0,,,,,,2.75
317,ERBETTA Diego,SUI,,,0.0,,,,0.25,0.25,0.375,,,0.375,0.75,1.0,,,,,,2.75
318,BAYRAM Issa,FRA,,,,,,,,,,,,0.75,1.5,0.5,,,,,,2.75
319,HEINAMAA Akseli,FIN,,,,1.0,1.0,0.0,,,,0.25,0.0,0.375,,0.0,,,,,,2.625
320,LOZENKO Makar,LTU,,0.25,,0.0,0.25,,,,,,,,,,,,1.5,,0.625,2.625
321,HERZBERG Fabian,GER,,0.0,,,,,1.0,,0.0,0.25,0.25,0.375,0.75,0.25,,,,,,2.625
322,BODOCZI Nikolaus,GER,,,,,,,,,,2.0,,0.375,,0.25,,,,,,2.625
323,LIOZNYANSKY Simon,USA,,,,,,,0.25,0.25,0.0,,0.25,0.375,1.5,0.0,,,,,,2.625
324,DOYON-VERDON William,CAN,,,,,,,0.25,0.25,0.375,0.25,,0.0,1.5,,,,,,,2.625
325,LOMAGA Egor,RUS,,,,,,,0.5,1.0,0.375,,0.0,0.75,,,,,,,,2.625
326,TINNIKOV Georgiy,KAZ,,,,,,,,0.25,0.75,1.0,0.0,0.375,,0.25,,,,,,2.625
327,WALLER Jonas,CZE,,,2.0,,,,,0.25,,0.25,,0.0,,,,,,,,2.5
328,ROD Max,POR,,0.0,,,,0.5,,0.5,0.0,0.25,0.25,0.375,,0.25,,,0.0,,0.625,2.5
329,CHIRASHNYA Daniel,USA,,,,,,,0.5,,,2.0,,,,,,,,,,2.5
330,DJATSUK Filipp,EST,,,,0.0,,,0.25,0.25,,0.25,,1.5,,0.25,,,,,,2.5
331,DAMJANOSKI Petar,MKD,,,,,,,,,,,,,,,,,0.0,,2.5,2.5
332,GOUGE Cooper,NZL,,,,,,,0.0,,,,,,,0.0,,,,,2.5,2.5
333,HSU Hong Zhan Kenton,HKG,,,,,,,1.0,,,,,1.5,,,,,,,,2.5
334,KIM Sangjin,KOR,,,,,,,0.25,0.5,0.75,0.0,0.25,,0.75,,,,,,,2.5
335,DABIJA Adrian,ROU,2.0,,,,,,,,,,,0.375,,,,,,,,2.375
336,BONFERRONI Gabriel,SUI,,,0.0,,,,,0.0,0.375,,,,,2.0,,,,,,2.375
337,BAUTISTA Jian Miguel,PHI,,,,,,0.0,,0.25,,,,,,,,,,1.5,0.625,2.375
338,TREBIS Michael,GER,,,,,,,0.5,,0.375,0.5,0.5,0.375,,0.5,,,,,,2.375
339,SOBOLEV Aleksandr,RUS,,,,,,,0.25,0.25,1.5,,0.25,,,,,,,,,2.25
340,MYAGMAR Khuslen,MGL,,,,,,,,,,,0.0,0.0,,0.0,,,,1.5,0.625,2.125
341,WICHT Matteo,SUI,,,0.0,,,,0.5,,,0.0,0.25,0.375,0.75,0.25,,,,,,2.125
342,BALCAR Josef,CZE,,,,,,,,,0.375,0.25,0.0,0.0,1.5,0.0,,,,,,2.125
343,YU Mengxiang,CHN,,,,,,,0.25,0.5,,0.5,0.5,0.375,,0.25,,,,,,2.125
344,FURUTA Ikuo,JPN,,,,,,,0.25,0.0,0.375,0.0,0.5,0.0,0.75,0.25,,,,,,2.125
345,HENSAL Nicolas,CAN,,,,,,,0.5,0.25,,0.0,0.25,0.375,0.75,,,,,,,2.125
346,OBERSON Philippe,SUI,,2.0,,,,,,,,,,,,,,,,,,2.0
347,PAOLINI Giacomo,ITA,,,1.0,,,,1.0,,,,,,,,,,,,,2.0
348,LOCATELLI Marco Francesco,ITA,,,0.5,,,,,,,0.0,,1.5,,,,,,,,2.0
349,KULOZIK Julian,GER,,0.5,,,,,0.5,,0.75,0.25,0.0,,,,,,,,,2.0
350,OJEDA BUITRAGO Daniel,CRC,,,,,,,,,,,,,0.75,,,0.0,,,1.25,2.0
351,DI MARCO Fabrizio,ITA,,,0.0,,,,,,,,2.0,,,,,,,,,2.0
352,SCHUMACHER Cooper,USA,,,,,,,,,,0.25,0.25,,1.5,,,,,,,2.0
353,BRUNOLD Bruce,SUI,,,0.25,,,,,0.25,0.75,0.25,0.0,0.375,,0.25,,,,,,1.875
354,TALIOTIS Alexandros,CYP,,,,,,,,,,,,0.0,,0.25,,,1.5,,,1.75
355,KHAPERSKIY Fedor,ISR,,,,,,,0.25,0.25,,0.0,1.0,,,0.25,,,,,,1.75
356,KREYSCH Hendrik,GER,,,,,,,,,,,,,0.75,1.0,,,,,,1.75
357,NYCZ Mateusz,POL,,,,,,,,,,0.0,,1.5,,0.25,,,,,,1.75
358,WONG Kevin,HKG,,,,,,,0.0,0.0,0.375,0.25,0.0,0.375,0.75,0.0,,,,,,1.75
359,COUFAL Frantisek,CZE,,,0.0,,,,,0.0,,0.25,,0.375,,1.0,,,,,,1.625
360,LAWSON Henry,USA,,,,,,,0.25,1.0,0.375,,,,,,,,,,,1.625
361,KERESZTES Adam,HUN,,,,,,,,1.0,,,,0.375,,0.25,,,,,,1.625
362,BITSCH Peter,GER,,,1.0,,,,,,,0.5,,0.0,,,,,,,,1.5
363,SQUIERI Juliano Nicola,SUI,,,1.0,,,,,,,0.25,,,,0.25,,,,,,1.5
364,DERGAY David,GER,0.5,,0.25,0.25,,,0.25,,0.0,0.25,0.25,,,,,,,,,1.5
365,TAIWO-WILLIAMS Louis,GBR,,,0.5,,,,,,,1.0,,,,,,,,,,1.5
366,SALM Markus,EST,,,,0.5,,,,,,0.0,,0.0,,1.0,,,0.0,,0.0,1.5
367,SATHASIVAN NIRMALA Siva Magesh,IND,,0.25,,,,,,,0.375,,0.25,,,,,,,,0.625,1.5
368,DAHLBO Benjamin,NOR,,0.0,,,0.0,,,,,0.0,,,,0.0,,,1.5,,,1.5
369,WESTGAARD Morten,NOR,,0.0,,,0.0,,,,,0.0,,,,0.0,,,1.5,,,1.5
370,SARRIO Raul,ESP,,,,,,0.0,,,,0.25,,0.75,,0.5,,,,,,1.5
371,PHAM Hung Duong,VIE,,,,,,,,,,,,,,,,,,1.5,,1.5
372,ABDULALI Muhammad,QAT,,,,,,,,,0.0,,0.0,,,,,,,1.5,0.0,1.5
373,ERGINA Lee Eigran,PHI,,,,,,,,,,,,,,,,,,1.5,0.0,1.5
374,ZAMKOVOJS Daniils,LAT,,,,,,,,,,,,0.0,,,,,1.5,,,1.5
375,THEODOROPOULOS Panagiotis,GRE,,,,,,,,,,,,,,,,,1.5,,0.0,1.5
376,ZHAO Zidong,CHN,,,,,,,0.0,,,,,0.0,1.5,,,,,,,1.5
377,ABZHANOV Nurzhan,KAZ,,,,,,,,,,,0.0,,1.5,,,,,,,1.5
378,TOLASOV Vladimir,RUS,,,,,,,,0.0,1.5,,,,,,,,,,,1.5
379,LUKIN Bogdan,KAZ,,,,,,,,0.25,0.375,0.0,0.25,0.375,,0.25,,,,,,1.5
380,MEZINGER Marton,ROU,1.0,,,,,,,,,,,0.375,,,,,,,,1.375
381,BRANDBERG Hugo,SWE,,,,,,,,,,0.25,0.25,,,0.25,,,0.0,,0.625,1.375
382,DUCHENE Noam,FRA,,,,,,,,,,,,0.75,0.375,0.25,,,,,,1.375
383,WALACH Wiktor,POL,,,,,,,0.5,0.25,,0.25,,0.375,,,,,,,,1.375
384,NG Ting Hin,HKG,,,,,,,0.25,0.25,0.375,0.25,0.25,,,0.0,,,,,,1.375
385,TIMOSHENKO Kirill,GER,,1.0,0.25,,,,,,,0.0,,,,,,,,,,1.25
386,VARONE Federico,ITA,,,,0.25,,,,,,,1.0,,,,,,,,,1.25
387,MCCLELLAND Darcy,AUS,0.25,0.0,0.0,,,,,,0.75,,0.25,,,,,,,0.0,0.0,1.25
388,LEPORATI Ettore,ITA,,,0.0,,,,,,0.375,0.0,,0.375,,0.5,,,,,,1.25
389,XIAO Han Zhi Shawn,CAN,,,,,,,0.5,,,,,0.0,0.75,,,,,,,1.25
390,LIM Julien Kenneth,CAN,,,,,,,0.25,,,,,0.0,0.75,0.25,,,,,,1.25
391,HUANG Fohei,MAC,,,,,,,,,,,,,,,,,,,1.25,1.25
392,PETERSON Nolan,NZL,,,,,,,0.0,,,,,,,0.0,,,,,1.25,1.25
393,NICOLI Pietro,ITA,0.25,,0.5,,,,,,,,,0.375,,,,,,,,1.125
394,RODRIGUEZ ACEYTUNO Diego,ESP,,,,,,0.0,,0.25,,0.25,,0.375,,0.25,,,,,,1.125
395,TOBIAS Erik,EST,,,,,,0.0,,0.5,,0.25,,0.375,,,,,,,,1.125
396,ALHUSSAIN Ahmad Abbas I.,KSA,,,,,,,,0.0,0.75,,,0.375,,,,,,,,1.125
397,SUGIOKA Mizuki,JPN,,,,,,,,0.5,0.375,0.25,,,,,,,,,,1.125
398,IMBERT Etienne,FRA,,,,,,,,,,,,0.375,0.75,0.0,,,,,,1.125
399,DELEVACQUE Maxime,FRA,,1.0,0.0,,,,,,,,,,,,,,,,,1.0
400,STOICA Alexandru,ROU,1.0,,,,,,,,,,,,,,,,,,,1.0
400,IOGNA PRAT Luca,ITA,,,,1.0,,,,,,,,,,,,,,,,1.0
400,DI STEFANO Tancredi Luigi Alfio,ITA,,,,,,1.0,,,,,,,,,,,,,,1.0
403,WALLISER Edoardo,ITA,,,,,,1.0,,,,,,,,,,,,,,1.0
404,TAMOSIUNAS Mindaugas,LTU,,,,0.0,0.5,0.0,,,,0.25,,,,0.25,,,0.0,,0.0,1.0
405,RAMI ROZPIDE Rayan,ESP,,,,,,0.5,,,,0.25,,,,0.25,,,,,,1.0
406,ANTAL Mate,HUN,,,,0.25,,,,,,,,0.75,,,,,,,,1.0
407,TROFYMENKO Pavel,UKR,,,0.0,0.0,,,,1.0,,,,,,,,,,,,1.0
408,KARAPYSH Arseniy,UKR,,,0.0,0.0,,0.0,,,,,1.0,,,,,,,,,1.0
409,RUPPENTHAL Julius,GER,,0.0,0.0,,,,,,,,1.0,,,0.0,,,,,,1.0
410,REMONDINI Dario,ITA,,,,,0.0,,,,,,1.0,,,,,,,,,1.0
411,HU Lucas,CAN,,,,,,,1.0,,,,,,,,,,,,,1.0
412,BOBROV Ilian,EST,,,,,,,1.0,,,,,,,,,,,,,1.0
413,PITTET Alexandre,SUI,,,,,,,,,,,,,,1.0,,,,,,1.0
414,LOPEZ POURTIER Nelson,FRA,,,,,,,1.0,,,,,,,,,,,,,1.0
415,STRONG Sean,USA,,,,,,,,,,,0.25,0.75,,,,,,,,1.0
416,SAMYN Ward,BEL,,0.0,,,,,,,0.375,0.0,0.25,0.375,,,,,,,,1.0
417,LEE Yuet Sun,HKG,,,,,,,,0.0,0.375,0.25,,0.375,,,,,,,,1.0
418,SEINI Leandro,BRA,,,,,,,,,,,,,0.375,,,,,,0.625,1.0
419,OXHOLM WAGNER Alec,DEN,0.5,0.0,,,0.0,,,,,0.0,,0.375,,,,,,,,0.875
420,OROIAN Alex,ROU,0.5,,,,,,,,,,,0.375,,,,,,,,0.875
421,HORVATH Mark,HUN,,,,0.5,,,,,,,,0.375,,,,,,,,0.875
422,GRUNERT Adrian,SVK,,,,0.25,,0.25,,,,,,0.375,,,,,,,,0.875
423,BERRY Tobias,GBR,,,0.25,,,0.0,,,0.0,,,0.375,,0.25,,,,,,0.875
424,COLLING Herve,LUX,0.0,0.25,,,0.0,,,,,0.0,,,,0.0,,,0.0,,0.625,0.875
425,PRINZ Niklas,LUX,,0.0,,0.0,,,0.25,,0.375,0.0,0.25,,,0.0,,,0.0,,,0.875
426,ARIAS Julio,PAN,,,,,,,0.25,,,,,,0.375,0.25,,0.0,,,,0.875
427,JIMENEZ ORTIZ Aaron Jose,ESP,,,,,,0.0,,,,,,0.375,,0.5,,,,,,0.875
428,KULCSAR Viktor,HUN,,,,,,,0.5,,,,,,0.375,,,,,,,0.875
429,KIYOTANE Yoshihide,JPN,,,,,,,,,,,0.5,0.375,0.0,0.0,,,,,,0.875
430,NAKAMOTO Naoshi,JPN,,,,,,,,0.0,0.375,0.25,0.25,,,,,,,,,0.875
431,KASSEN Angsar,KAZ,,,,,,,,,,0.25,0.25,0.375,,0.0,,,,,,0.875
432,ELLIS Yehia,MAR,,,,,,,0.0,0.25,0.0,0.25,,,0.375,,,,,,0.0,0.875
433,GOLOBIC Jan,SLO,0.25,,,0.5,,,,,,,,0.0,,,,,,,,0.75
434,TRAORE CARRE Tiyram,FRA,,0.25,0.5,,,,,,,,,,,,,,,,,0.75
435,KYKKANEN Robert,FIN,,,,0.0,0.25,,,0.25,0.0,0.25,,,,,,,,,,0.75
436,FILEK Ireneusz,POL,0.25,,,,,,,0.5,,0.0,,0.0,,,,,,,,0.75
437,TRADARDI Eugenio,ITA,,,0.25,,,,,0.5,,,,,,,,,,,,0.75
438,SPIEGEL Robert Casper,AUT,0.0,0.0,,,0.25,,,,,0.25,,0.0,,0.25,,,,,,0.75
439,PIEPER Jesse,NED,0.25,0.0,,,,,,,,0.25,,0.0,,0.25,,,,,,0.75
440,COOPER Matthew,GBR,,,0.0,,,,,,,,,,0.75,,,,,,,0.75
441,DEL CID Jose,GUA,,,,,,,,,,,,,0.75,,,0.0,,,,0.75
442,HSIEH JAROV Seraphim,CAN,,,,,,,0.0,0.5,,0.25,,,,0.0,,,,,,0.75
443,FAYZIEV Ahmadjon,UZB,,,,,,,,0.0,0.75,0.0,0.0,,,0.0,,,,,,0.75
444,ZHANG Nicholas,CAN,,,,,,,0.5,0.25,,,,,,,,,,,,0.75
445,KELPE Bendix,GER,,,,,,,0.0,,,0.25,,0.0,,0.5,,,,,,0.75
446,HUANG Zhongming,CHN,,,,,,,0.0,0.5,,0.25,,,,,,,,,,0.75
447,PARAFINIUK Lukasz,POL,,,,,,,,0.25,,,0.5,,,,,,,,,0.75
448,HASSAN Sultan,KUW,,,,,,,,0.0,,,,0.75,,,,,,,,0.75
449,YI Yohan Pagel,KOR,,,,,,,,,0.75,,,,,,,,,,,0.75
450,LIU ZiCheng Andy,CAN,,,,,,,0.25,0.5,,,,,,,,,,,,0.75
451,COHEN GILAD YEHODA,ISR,,,,,,,,,,,,0.75,,,,,,,,0.75
452,DOMINICI Raphael,FRA,,,,,,,,,,,,0.375,0.375,,,,,,,0.75
453,ALFIHANI Ahmed,KSA,,,,,,,0.0,0.0,0.375,0.0,,0.375,,0.0,,,,,,0.75
454,BARTKO Levente,HUN,0.25,,,,,,,,,,,0.375,,,,,,,,0.625
455,LEISER Rico,GER,,0.25,,,,,,,0.375,0.0,,0.0,,,,,,,,0.625
456,STABNIKOV Oleksandr,UKR,,,,0.25,,,,,,,,0.375,,,,,,,,0.625
457,OMONT Benoit,LUX,,0.0,0.0,,,,,0.0,,0.25,,0.375,,0.0,,,0.0,,,0.625
458,FERIR William,BEL,,0.0,,,,,,,,0.25,,0.375,,,,,,,,0.625
459,CSABAI Mate,HUN,0.0,,,0.0,,,,0.25,,0.0,,0.375,,,,,,,,0.625
460,STOYCHEV Radoslav,BUL,0.0,,,,,,,,0.375,0.0,0.0,0.0,,0.25,,,,,,0.625
461,MELO Xavier,POR,,,,,,,,,,,,,,0.0,,,0.0,,0.625,0.625
462,SRBINOSKI Petar,MKD,,,,,,,,,,,,,,,,,0.0,,0.625,0.625
463,BUNDALESKI Ognen,MKD,,,,,,,,,,,,,,,,,0.0,,0.625,0.625
464,MATEOS GARCIA Marco,ESP,,,,,,0.0,,,,,,0.375,,0.25,,,,,,0.625
465,BINDAS Odinn,FRA,,,,,,,,,,,,0.375,,0.25,,,,,,0.625
466,AEBERSOLD Alban,SUI,,,,,,,,,,,0.0,,0.375,0.25,,,,,,0.625
467,LOMELI Victor,MEX,,,,,,,0.0,,,,,,,,,,,,0.625,0.625
468,LOHSAKUL Phutaneth,THA,,,,,,,,,,,,,,,,,,,0.625,0.625
469,HAZAZI Ahmed,KSA,,,,,,,,,,,,,,0.0,,,,,0.625,0.625
470,LUMINEAU Tristan,GBR,,,,,,,0.0,,0.375,,,0.0,,0.25,,,,,,0.625
471,WONG Chi Ho,HKG,,,,,,,0.25,,,,,0.375,,,,,,,,0.625
472,SANCHEZ-LETHEM Paul James,GBR,,,,,,,,,,0.0,,0.375,,0.25,,,,,,0.625
473,SUN QI Cevin,SGP,,,,,,,,0.0,0.375,0.25,,,,,,,,,,0.625
474,ABDELBAKY. A Amr,EGY,,,,,,,,0.25,0.375,,0.0,,,,,,,,,0.625
475,GRUNHAUSER Richard,BRA,,,,,,,,,,,,,,,,,,,0.625,0.625
476,ALAALI Sami,FIN,,,,,,,,,,0.0,,,,,,,,,0.625,0.625
477,EDELMANN Julius,NOR,,0.0,,,0.5,,,,,,,,,,,,,,,0.5
478,BUREZ Olivier,BEL,,0.5,,,,,,,,,,,,,,,,,,0.5
479,DEGORCE Aurelien,GBR,0.5,0.0,0.0,,0.0,,,,0.0,0.0,,0.0,,,,,,,,0.5
480,ABED Faisal,KSA,,,,,,0.5,,0.0,0.0,,,0.0,,,,,,,,0.5
481,STRAUB Max,GER,,,,,0.5,,,,,,,,,,,,,,,0.5
482,VIK Martin Aleksander,NOR,,0.0,,,0.5,,,,,,,,,,,,,,,0.5
483,MATEVOSOV Artem,UKR,,,,0.5,,,,,,,,,,,,,,,,0.5
483,SANDERS Ian,USA,,,,,,0.5,,,,,,,,,,,,,,0.5
485,KUKHAREV Vladimir,GBR,0.5,,0.0,,,0.0,0.0,,,0.0,,0.0,,0.0,,,,,,0.5
486,CUMMINGS Atticus,USA,,,,,0.5,0.0,,,,,,,,,,,,,,0.5
487,MARTIN GAMAZO Jose Miguel,ESP,,,,,,0.5,,,,0.0,,,,,,,,,,0.5
488,CONRAD Nicolas,FRA,,0.5,,,,,,,,,,,,,,,,,,0.5
489,SCHIEFER Max,AUT,,,,,0.5,,,,,,,,,,,,,,,0.5
490,VERWAAL Crijn,NED,,0.0,,0.0,0.25,,,,0.0,0.25,,,,,,,,,,0.5
491,VAN LAECKE Wout,BEL,,0.25,,,,,,,,0.25,,,,,,,,,,0.5
492,PETKANTCHIN Samuel,SUI,,,0.25,,,,,,,,,,,0.25,,,,,,0.5
493,BESTER Christiaan,RSA,,,0.25,,,0.25,,0.0,,,,,,,,,,,,0.5
494,TIMOSHENKO Philipp,GER,,0.0,0.25,,,,,,,0.25,,,,,,,,,,0.5
495,EHRINGHAUS Mika,GER,,0.0,0.0,,,,,,,0.25,0.0,0.0,,0.25,,,,,,0.5
496,STROOP Preston Ridley,NED,,0.0,,,,,,,,0.25,,,,0.25,,,,,,0.5
497,PROSVIRNIN Dmitrii,RUS,,,,,,,,,,,0.5,,,,,,,,,0.5
498,TURISHEV Iskandar,UZB,,,,,,,,,,,0.5,,,,,,,,,0.5
499,ZHAO Junyi Michael,CAN,,,,,,,0.5,,,,,,,,,,,,,0.5
500,FAN Jackson,CAN,,,,,,,0.5,,,0.0,,,,,,,,,,0.5
501,KIM Jaewon,KOR,,,,,,,,,,,0.5,,,,,,,,,0.5
502,HOCH Andre,GER,,,,,,,,,,0.5,,,,,,,,,,0.5
503,DUDUC Alex,SVK,,,,,,0.0,,,,0.25,0.25,0.0,,,,,,,,0.5
504,BADEA Christian,CAN,,,,,,,0.5,,0.0,,,,,,,,,,,0.5
505,WINGERTER Morgan,FRA,,,,,,,0.5,0.0,,,,,,,,,,,,0.5
506,KASSATKIN Alexey,KAZ,,,,,,,0.25,0.25,,,0.0,,,,,,,,,0.5
507,CIMINI Gabriele,ITA,,,,,,,0.25,,,0.25,,,,,,,,,,0.5
508,BOUMEDIENNE Sami,SWE,,,,,,,,,,0.25,,0.0,,0.25,,,,,,0.5
509,HSU Hao,TPE,,,,,,,,,,,0.25,,,0.25,,,,,,0.5
510,GIORGI Gauthier,FRA,,,,,,,,0.25,0.0,0.25,,,,,,,,,,0.5
511,YEUNG Kwan Pui,HKG,,,,,,,0.25,0.25,0.0,0.0,,,,,,,,,,0.5
512,CHARMATSKI Eitan Efraim,ISR,,,,,,,,,,0.25,,,,0.25,,,,,,0.5
513,WU Hsiang-Ching,TPE,,,,,,,,,,0.25,,,,0.25,,,,,,0.5
514,SELIVERSTOV Oleksandr,UKR,,,,0.0,,0.0,,,,,,0.375,,0.0,,,,,,0.375
515,DE LA CAL GUIJARRO Jaime,ESP,,,,,,0.0,,,,0.0,,0.375,,0.0,,,,,,0.375
516,MARTINEZ Michael,ECU,,,,,,,,,,,,,0.375,,,0.0,,,,0.375
517,GARCIA Fabrizio,PER,,,,,,,,,,,,,0.375,,,0.0,,,,0.375
518,MORENO ANDRES Javier,ESP,,,,,,0.0,,,,,,,0.375,,,,,,,0.375
519,MIKO Lukas,SVK,,,,0.0,,0.0,,,,,,0.375,,,,,,,,0.375
520,CORVERS Mathis,BEL,,0.0,,,,,,,0.375,0.0,,0.0,,0.0,,,,,,0.375
521,FATULLAYEV Vahab,AZE,,,,,,,,,,,,0.375,,,,,0.0,,,0.375
522,CHOUN Karim,CZE,,,,,,,,,,,,0.375,,,,,,,,0.375
523,RIZZI Jacopo,ITA,,,,,,,,,,,,,0.375,,,,,,,0.375
524,LABAKI Samuel,AUS,,,,,,,0.0,0.0,0.375,0.0,,,,,,,,,,0.375
525,RAHAMEFY Aina,FRA,,,,,,,,,,,,,0.375,0.0,,,,,,0.375
526,FERRER ESTIVEN Yordan Danilo,CUB,,,,,,,,,,,,,0.375,,,,,,,0.375
527,HUTTO Joshua Feng,TPE,,,,,,,,,,,,,0.375,,,,,,,0.375
528,CRUZ AVILÉS Roberto Carlos,CUB,,,,,,,,,,,,,0.375,,,,,,,0.375
529,LEE Samson Mun Hou,SGP,,,,,,,,0.0,0.375,,,,,,,,,,,0.375
530,REYES Manuel Alejandro,COL,,,,,,,,,,,,,0.375,,,,,,,0.375
530,COHEN Nataniel,HUN,,,,,,,,,,,,0.375,,,,,,,,0.375
532,KUZNIK Bartosz,POL,,,,,,,,,,,,0.375,,0.0,,,,,,0.375
533,SZENYI Peter,HUN,,,,,,,,,,,,0.375,,,,,,,,0.375
534,BELOT Antoine,GBR,,,,,,,,,,,,0.375,,,,,,,,0.375
535,KUZMIN Mikhail,KAZ,,,,,,,,0.0,0.375,0.0,0.0,0.0,,,,,,,,0.375
536,AN Lihan,KOR,,,,,,,,,0.375,,,,,,,,,,,0.375
537,KAM Chun Ho,HKG,,,,,,,,,0.375,0.0,,,,,,,,,,0.375
538,BACSO Daniel,HUN,,,,,,,,,,,,0.375,,,,,,,,0.375
539,TAIVAINEN Bence,HUN,,,,,,,,,,,,0.375,,,,,,,,0.375
540,SEKIHARA Rei,JPN,,,,,,,,,,,0.0,0.375,,,,,,,,0.375
541,ROACH Tarriq Mosiah,JAM,,,,,,,,,,0.0,,0.375,,,,,,,,0.375
542,SALOKAS Arnas,LTU,,,,,,,,,,,,0.375,,,,,,,,0.375
543,SURDUCAN Tudor,ROU,,,,,,,,,,,,0.375,,,,,,,,0.375
544,GARCIA MIGUEL Ruben,ESP,,,,,,0.25,,,,,,,,,,,,,,0.25
544,BENETTI Dario,ITA,,,,,0.25,,,,,,,,,,,,,,,0.25
546,ONER Cengizhan,TUR,0.0,,0.0,0.25,,,,,0.0,,,,,,,,,,,0.25
547,BEZZINI Roberto,ITA,,,,,0.25,,,,,,,,,,,,,,,0.25
548,CODREAN Mihnea,ROU,0.25,,,0.0,,,,,,,,,,,,,,,,0.25
549,CSEKE Balazs,HUN,,,,0.25,,,,,,,,,,,,,,,,0.25
550,FRIIS MADSEN Benjamin,DEN,0.0,,0.0,,0.25,,,,,0.0,,,,,,,,,,0.25
551,LOPEZ CORAZON Diego,ESP,,,,,,0.25,,,,,,,,,,,,,,0.25
552,OPREA Mihail,ROU,0.25,,,,,,,,,,,,,,,,,,,0.25
553,JOHNSTON Calum,GBR,,,0.25,,,,,,,,,,,,,,,,,0.25
553,DE WINTER Alexander,BEL,,0.25,,,,,,,,,,,,,,,,,,0.25
553,RUIZ VAZQUEZ Pablo,ESP,,,,,,0.25,,,,,,,,,,,,,,0.25
553,DODARO Francesco,ITA,,,,,0.25,,,,,,,,,,,,,,,0.25
557,PEDERSEN Adrian Hoegh,DEN,,0.25,,,,0.0,,,,,,,,,,,,,,0.25
558,MAGNI Riccardo,ITA,,,,,,0.25,,,,,,,,,,,,,,0.25
558,MOCCI Gabriele,ITA,,,,,0.25,,,,,,,,,,,,,,,0.25
560,CHERUBINI Niccolo,SUI,,,0.0,,0.25,,,,,,,,,,,,,,,0.25
561,FRITSCH Laszlo,HUN,0.25,,,0.0,,,,,,,,,,,,,,,,0.25
562,KOSKA-GONZALES Bendeguz,HUN,0.25,,,0.0,,,,,,,,0.0,,,,,,,,0.25
563,HAGEN Viktor Jarl Breivik,NOR,,,,,0.25,,,,,,,,,,,,,,,0.25
564,NAZAREVYCH Vladyslav,UKR,,,,0.0,,0.25,,,,,,,,,,,,,,0.25
565,BONDI Federico,ITA,,,,0.25,0.0,,,,,,,,,,,,,,,0.25
566,PASSOT Leo,SUI,,,0.25,,,,,,,,,,,0.0,,,,,,0.25
567,DE METS Bert,BEL,,0.25,,,,,,,,,,,,,,,,,,0.25
568,DEHN Julius,GER,,0.25,0.0,,,,,,0.0,0.0,,0.0,,,,,,,,0.25
569,SCARSI Mauro,ITA,,,0.25,,,,,,,,,,,,,,,,,0.25
569,PIETROBELLI Giacomo Patrick,IRL,,,,,0.25,,,,,,,,,,,,,,,0.25
569,AMBROSINI Emiliano,ITA,0.25,,,,,,,,,,,,,,,,,,,0.25
572,KOVALEVS Sergejs,LAT,,,,,0.25,,,,,,,,,,,,,,,0.25
572,VAN DE STEENE Adrian,BEL,,0.25,,,,,,,,,,,,,,,,,,0.25
572,PETROV Teodor,BUL,0.25,,,,,,,,,,,,,,,,,,,0.25
575,HOIDA Daniil,UKR,,,0.0,0.25,,,,0.0,,,0.0,,,,,,,,,0.25
576,ZONE Liam,IRL,,,0.0,,0.25,0.0,,,,,,,,0.0,,,,,,0.25
577,ODEH Iyad,JOR,,,,,,0.25,,0.0,,,,,,,,,,,,0.25
578,PEREZ TRIANA Daniel Alfredo,COL,,0.0,,,,,,,,0.25,,,,0.0,,,,,,0.25
579,BROBAKKEN Marcus Vokes,NOR,,0.0,,,0.0,,,,,0.0,,,,0.25,,,0.0,,,0.25
580,YETER Yalgin,TUR,0.0,,0.0,,,,,,0.0,0.25,,0.0,,0.0,,,,,,0.25
581,GHYSELS Leo,BEL,,0.0,,,,,,,0.0,0.0,,0.0,,0.25,,,,,,0.25
582,RADOSZ Mikolaj,POL,0.0,,,,,,,,,0.25,,0.0,,,,,,,,0.25
583,JANSSENS William,BEL,,0.0,,,,,,,,0.0,0.0,,,0.25,,,,,,0.25
584,JOSHI Balram,IND,,,,0.0,,,,0.25,0.0,,0.0,,,,,,,,,0.25
585,GIEDROJC Jerzy,POL,,,,,,0.0,,,,,,,,0.25,,,,,,0.25
586,DECHAMPS Quentin,BEL,,0.0,,,,,,,,,,,,0.25,,,,,,0.25
587,ALLEN Gregory,GBR,,,0.0,,,,,,,0.25,,,,0.0,,,,,,0.25
588,CAIKOVSKIS Glebs,LAT,,0.0,,,,,,,,0.25,,,,,,,0.0,,,0.25
589,RAZMADZE Spartak,GEO,,,0.0,,,,,,,0.0,,,,0.25,,,0.0,,,0.25
590,KUMMER Horant,GER,,,0.0,,,,,,0.0,0.0,0.25,,,,,,,,,0.25
591,FAVRE Aurelien,SUI,,,0.0,,,,,,,,,,,0.25,,,,,,0.25
592,SALEH Mohammad,JOR,,,,,,0.0,,0.25,,,,,,,,,,,,0.25
593,VEMANI Lokesh,IND,,,,,,,,0.25,,,,,,,,,,,,0.25
594,BLINOV Jevgeni,EST,,,,,,,,,,0.25,,0.0,,,,,,,,0.25
595,NUA Azanius,SGP,,,,,,,,0.25,0.0,,,,,,,,,,,0.25
596,MUSTAFIN Gabidin,KAZ,,,,,,,,,,,0.25,,,,,,,,,0.25
597,YIP Kwok Ho,HKG,,,,,,,0.25,,0.0,0.0,0.0,0.0,,0.0,,,,,,0.25
598,KAIRGUSSOV Marat,KAZ,,,,,,,,,,,0.25,,,,,,,,,0.25
599,KOJO Hayato,JPN,,,,,,,,,,,0.25,,,,,,,,,0.25
600,UALIKHAN Nariman,KAZ,,,,,,,,,,,0.25,,,,,,,,,0.25
601,KUF Jan,CZE,,,,,,,0.0,0.25,,,,,,,,,,,,0.25
602,MARCZAK Wojciech,POL,,,,,,,0.25,,,0.0,0.0,,,,,,,,,0.25
603,ZAYNOBIDINOV Ozodbek,UZB,,,,,,,,,,,0.25,,,,,,,,,0.25
604,CHIU Sheng-Hsuan,TPE,,,,,,,,,,,0.25,,,,,,,,,0.25
605,ORYNBASSAR Berik,KAZ,,,,,,,,,,,0.25,,,,,,,,,0.25
606,LEPIKHOV Daniil,KGZ,,,,,,,,,,,0.25,,,,,,,,0.0,0.25
607,SELYUTIN Roman,RUS,,,,,,,,,,,,,,0.25,,,,,,0.25
608,GLADYSZCZAK Michal,POL,,,,,,,0.25,0.0,,0.0,,,,,,,,,,0.25
609,AKHMEDOV Sayidakbar,UZB,,,,,,,,,,,0.25,,,,,,,,,0.25
610,KAPIAS Augustyn,POL,,,,,,,,0.25,,0.0,,,,,,,,,,0.25
611,VAN MANEN Rahul,RSA,,,,,,,,,,0.25,,,,,,,,,,0.25
611,SHESHIN Alexandr,KAZ,,,,,,,,,,,0.25,,,,,,,,,0.25
613,KOO Aiden,SGP,,,,,,,,0.25,,,,,,,,,,,,0.25
614,ISMOILOV Kamronbek,UZB,,,,,,,,,,,0.25,,,,,,,,,0.25
614,KASE Reine,SWE,,,,,,,,,,0.25,,,,,,,,,,0.25
616,SIDIKOV Muhammadusuf,UZB,,,,,,,,,,,0.25,,,,,,,,,0.25
617,DU Jie,CHN,,,,,,,,,,,,,,0.25,,,,,,0.25
618,SAMOILOV Dmytro,UKR,,,,,,,,0.25,0.0,0.0,,,,,,,,,,0.25
619,MINOBE Kazuyasu,JPN,,,,,,,0.25,,,,,,,,,,,,,0.25
620,TAKAHASHI Miraku,JPN,,,,,,,0.25,0.0,,,,,,,,,,,,0.25
621,POULIQUEN Nicolas,CAN,,,,,,,0.0,0.25,,,,,,,,,,,,0.25
622,FAGERSTEDT Jakob,SWE,,,,,,,,,,0.0,,,,0.25,,,,,,0.25
623,HEINZER Max,SUI,,,,,,,,,,,,,,0.25,,,,,,0.25
624,KATO SEIJUN,JPN,,,,,,,,,,,,,,0.25,,,,,,0.25
625,STURGEON William,AUS,,,,,,,,,,0.25,0.0,0.0,,0.0,,,,,,0.25
626,PETRICH Pedro,BRA,,,,,,,,,,,,0.0,,0.25,,,,,,0.25
627,OSAMA Eslam,EGY,,,,,,,,,,,,,,0.25,,,,,,0.25
628,SHARMA Pankaj Kumar,IND,,,,,,,,,,,,,,0.25,,,,,,0.25
629,SELIM Ahmed,EGY,,,,,,,,,,0.25,,,,,,,,,,0.25
630,SCHMIER Robert,GER,,,,,,,,,,0.25,,,,,,,,,,0.25
630,ESTABLE Gauthier,SUI,,,,,,,,,,,,,,0.25,,,,,,0.25
632,ELGENDY Ahmed,EGY,,,,,,,,,,,,,,0.25,,,,,,0.25
633,TARANENKO Yuriy,UKR,,,0.0,0.0,,0.0,,0.0,0.0,0.0,,,,,,,,,,0.0
634,PERCHUK Maksym,UKR,,,0.0,0.0,,0.0,,,,,,,,,,,,,,0.0
635,LEPERS Leo,FRA,,0.0,,,,,,,,,,,,,,,,,,0.0
635,POPA Stefan,ROU,0.0,,,,,,,,,,,,,,,,,,,0.0
635,BELL A NKONEN JONATHAN,CMR,,,,,,,,,,,,,,,0.0,,,,,0.0
638,LOUGBEGNON Emmanuel Jean Elysee,BEN,,,,,,,,,,,,,,,0.0,,,,,0.0
638,GAUDIO Tommaso,ITA,0.0,,,,,,,,,,,,,,,,,,,0.0
640,KYRDA Bohdan,UKR,,,,0.0,,0.0,,,,,,,,,,,,,,0.0
641,RICHARDT Cheyeen,DEN,,0.0,,,,0.0,,,,0.0,,,,,,,,,,0.0
642,PORRO Jefferson John-Mary,BEN,,,0.0,,,0.0,,,,,,,,,0.0,,,,0.0,0.0
643,BONAGA Nicolo',ITA,0.0,,,,,,,,,,,,,,,,,,,0.0
644,WERMESER Csongor Gyorgy,HUN,0.0,,,0.0,,,,,,,,0.0,,,,,,,,0.0
645,LEMOISSON Maxence,FRA,,,0.0,,,,,,,0.0,,,,,,,,,,0.0
646,MULLER Leonard,SUI,,,0.0,,,,,,,,,,,,,,,,,0.0
646,DANNAH Ahmed,LBA,,,,,,,,,,,,,,,0.0,,,,,0.0
646,DELFINO Francesco,ITA,,,,0.0,,,,,,,,,,,,,,,,0.0
649,MAKHONIN Oleksiy,UKR,,,,0.0,,0.0,,,,,,,,,,,,,,0.0
650,JOSZKIN Peter,HUN,0.0,,,0.0,,,,,,,,,,,,,,,,0.0
651,GORIUNOV Ivan,USA,,,,,0.0,,,,,,,,,,,,,,,0.0
651,NITU Francesco,ROU,0.0,,,,,,,,,,,,,,,,,,,0.0
651,GBOVIDEMLAN Christ Berulle Agossou,BEN,,,,,,,,,,,,,,,0.0,,,,,0.0
654,PLANOJEVIC Jakov,SRB,0.0,,,,,,,,,,,0.0,,,,,,,,0.0
655,RICHELIEU DE Jakob,DEN,,,,,0.0,,,,,,,,,,,,,,,0.0
655,POONYANE Katlego,BOT,,,,,,,,,,,,,,,0.0,,,,,0.0
657,PLAKSIN Dmytro,UKR,,,,0.0,,0.0,,,,,,,,,,,,,,0.0
658,YAGDIRAN Eren,TUR,0.0,,,,,,,,,0.0,0.0,0.0,,0.0,,,,,,0.0
659,RANTALA Einar,FIN,,,,,0.0,,,,,0.0,,0.0,,,,,,,,0.0
660,BERARD BOISSET Jeremy,FRA,,,0.0,,,,,,,,,,,,,,,,,0.0
660,SCHLICKENRIEDER Florian,GER,,0.0,,,,,,,,,,,,,,,,,,0.0
660,VON SCHONBORN Leopold,SUI,,,0.0,,,,,,,,,,,,,,,,,0.0
660,ARITA RIVAS Carlos Andres,ESP,,,,,,0.0,,,,,,,,,,,,,,0.0
664,RICHAUD Nathan,BEL,,0.0,,,,,,,,0.0,,,,,,,,,,0.0
665,DE GAETANO Pietro,ITA,0.0,,,,,,,,,,,,,,,,,,,0.0
666,BAROGLIO Andrea,ITA,,,,,0.0,,,,,,,,,,,,,,,0.0
666,VERSTEIJNEN Jan-Koen,NED,,0.0,,,,,,,,,,,,,,,,,,0.0
666,KORTVELYESSY Bendeguz,HUN,0.0,,,,,,,,,,,,,,,,,,,0.0
666,SONNESSA Nicolo,ITA,,,,,,0.0,,,,,,,,,,,,,,0.0
670,GAUVERT Mathieu,FRA,,0.0,,,,,,,,,,,,,,,,,,0.0
670,MITRICA Alin,ROU,0.0,,,,,,,,,,,,,,,,,,,0.0
672,CALLEJAS SANZ Manuel,ESP,,,,,,0.0,,,,,,,,,,,,,,0.0
673,HAVADZYN Vasyl,UKR,,,,0.0,,0.0,,,,,,,,,,,,,,0.0
674,FERGUSON William,GBR,0.0,,0.0,,,0.0,,,,,,,,,,,,,,0.0
675,CORCORAN Geoffrey,IRL,,,,,0.0,,,,,,,,,,,,,,,0.0
676,LAVRENTIEV Denys,UKR,,,,0.0,,0.0,,,,,,,,,,,,,,0.0
677,PROKOFIEV Arsenii,UKR,,,0.0,0.0,,0.0,,,,,,,,,,,,,,0.0
678,RIVERA DAVID Paul,SUI,,,0.0,,,,,,,,,,,,,,,,,0.0
678,APJOK Balazs,HUN,0.0,,,,,,,,,,,,,,,,,,,0.0
678,BURNSIDE Jonathan,IRL,,,,,0.0,,,,,,,,,,,,,,,0.0
681,PAVIC Johannes,AUT,,0.0,,,0.0,,,,,,,,,,,,,,,0.0
682,DRAGOMIR Liviu,ROU,0.0,,,,,,,,,,,,,,,,,,,0.0
682,VOINOV Danylo,UKR,,,,0.0,,,,,,,,,,,,,,,,0.0
682,BERCKER Lelio,FRA,,0.0,,,,,,,,,,,,,,,,,,0.0
685,MIGALLON Guillermo,ESP,,,,,,0.0,,,,0.0,,,,,,,,,,0.0
686,TURKDIL Burak,TUR,0.0,,,,,,,,,0.0,,,,,,,,,,0.0
687,BAEKELANDT Maxime,BEL,,0.0,,,,,,,,,,,,,,,,,,0.0
688,TITMUSS Max,GBR,0.0,0.0,,,0.0,,,,,,,,,,,,,,,0.0
689,UKOLOV Dimitri,CAN,,,,,0.0,0.0,0.0,,,,,,,,,,,,,0.0
690,TORRISI Giuseppe,ITA,,,,0.0,,,,,,,,,,,,,,,,0.0
691,MIRICA Florin,GBR,,,0.0,,,0.0,,,,,,,,,,,,,,0.0
692,LECHEVALIER BOISSEL Junes,FRA,,0.0,,,,,,,,,,,,,,,,,,0.0
692,JIMENEZ ZOTES Vicente,ESP,,,,,,0.0,,,,,,,,,,,,,,0.0
694,GARCIA LA PARRA Pablo,ESP,,,,,0.0,0.0,,,,,,,,,,,,,,0.0
695,VIDELER Jasper,NED,0.0,0.0,,0.0,,,,,,0.0,,0.0,,0.0,,,,,,0.0
696,SMITH Hugo,GBR,,,0.0,,,,,,,0.0,,,,0.0,,,,,,0.0
697,RIEDE Stefan,AUT,,,,,0.0,,,,,,,,,0.0,,,,,,0.0
698,VILANOVA PARRENO Jose Manuel,ESP,,,,,,0.0,,,,,,,,,,,,,,0.0
698,LUPANO Samuele,ITA,,,,0.0,,,,,,,,,,,,,,,,0.0
698,ROJAS CRUZ Vicente Antonio,NCA,,,,,,,,,,,,,,,,0.0,,,,0.0
698,PURAT Christian,GER,,0.0,,,,,,,,,,,,,,,,,,0.0
702,BENNET Fin,GBR,,,0.0,,,0.0,,,0.0,,,,,,,,,,,0.0
703,BOGOVIC Maurizio,CRO,0.0,,,0.0,,,,,,,,,,,,,,,,0.0
704,SOERUM Inge,NOR,,,,,0.0,,,,,,,,,,,,,,,0.0
704,KHVOROST Maksym,UKR,,,,0.0,,,,,,,,,,,,,,,,0.0
706,COMPAGNION Keo,FRA,,0.0,0.0,,,,,,,,,,,,,,,,,0.0
707,CASTRO Federico Vincenzo,ITA,0.0,,,,,,,,,,,,,,,,,,,0.0
707,ALVAREZ PEREZ Adrian Alejandro,DOM,,,,,,,,,,,,,,,,0.0,,,,0.0
707,CHIRKO Andrew,IRL,,,,,0.0,,,,,,,,,,,,,,,0.0
710,ZAHRAN Aiden,DOM,,,,,,,,,,,,,,,,0.0,,,,0.0
711,SUAREZ GONZALEZ ARTURO,ESP,,,,,0.0,0.0,,,,,,,,,,,,,,0.0
712,MARTIN Dylan,JAM,,,,,,,,,,,,,,,,0.0,,,,0.0
712,LEPKANYCH Kyryl,UKR,,,,0.0,,,,,,,,,,,,,,,,0.0
712,ASSUM Felix,NOR,,0.0,,,,,,,,,,,,,,,,,,0.0
712,MORENO DOMINGO Gonzalo,ESP,,,,,,0.0,,,,,,,,,,,,,,0.0
716,FERNANDEZ JIMENO Emilio,ESP,,,,0.0,,0.0,,,,,,,,,,,,,,0.0
717,POLIANSKYI Andrii,UKR,,,0.0,0.0,,,,,,,,,,,,,,,,0.0
718,VISSER Zeb,NED,,0.0,,,0.0,,,,,,,0.0,,0.0,,,,,,0.0
719,VASILESCU Gabriel,ROU,0.0,,,,,,,,,,,,,,,,,,,0.0
719,TOCH Lars,BEL,,0.0,,,,,,,,,,,,,,,,,,0.0
721,SYDOROV Mykhailo,UKR,,,,0.0,,0.0,,,,,,,,,,,,,,0.0
722,LAUGA Eric,GBR,,,,,0.0,,,,,,,,,,,,,,,0.0
722,GIOVITA Gabriele,ITA,0.0,,,,,,,,,,,,,,,,,,,0.0
724,CALIPA Aurelio,GBR,0.0,,0.0,,,,,,,,,,,,,,,,,0.0
725,QUEZADA Lisandro Antonio,ESA,,,,,,,,,,,,,0.0,,,0.0,,,,0.0
726,GIAQUINTO Jorge Antonio,ITA,,,,,0.0,,,,,,,,,,,,,,,0.0
726,PEUDEVIN Gregoire,FRA,,0.0,,,,,,,,,,,,,,,,,,0.0
726,PASQUON Davide,ITA,,,,0.0,,,,,,,,,,,,,,,,0.0
729,HUARD Philip,GBR,,,,,0.0,0.0,,,,,,,,,,,,,,0.0
730,BAKKE Simon,DEN,0.0,,,0.0,,0.0,,,,0.0,,0.0,,,,,,,,0.0
731,PISTEA Mark,CAN,,,0.0,0.0,0.0,0.0,,,,,,,,,,,,,,0.0
732,SALEKI Adrien,SUI,,,0.0,,,,,,,,,,,,,,,,,0.0
732,BERECHE Sebastian,PER,,,,,,,,,,,,,,,,0.0,,,,0.0
732,GALVEZ IDARRAGA Daniel Alejandro,BOL,,,,,,,,,,,,,,,,0.0,,,,0.0
735,LELONG Charlie,FRA,,0.0,0.0,,,,,,,,,,,,,,,,,0.0
736,POPA Gabriel,ROU,0.0,,,0.0,,,,,,,,,,,,,,,,0.0
737,LADEFOGED Rasmus,DEN,,,,,0.0,0.0,,,,,,,,,,,,,,0.0
738,GALLANT Antoine,CAN,,,,,0.0,0.0,,,,,,,,,,,,,,0.0
739,ENSLEY Diego,PER,,,,,,,,,,,,,,,,0.0,,,,0.0
739,BENTIVOGLI Leonardo,NED,,0.0,,,,,,,,,,,,,,,,,,0.0
739,FALCON PAISER Jose Francesco,ESP,,,,,,0.0,,,,,,,,,,,,,,0.0
742,GRANDJEAN Achille,BEL,,0.0,,,,,,,,,,,,0.0,,,,,,0.0
743,FRIEDLI Matthieu,SUI,,,0.0,,,,,,,,,,,,,,,,,0.0
743,ROJO Facundo,URU,,,,,,,,,,,,,,,,0.0,,,,0.0
743,ROVIGLIONE Edoardo,ITA,0.0,,,,,,,,,,,,,,,,,,,0.0
743,CIRCO Leonardo,ITA,,,,,0.0,,,,,,,,,,,,,,,0.0
747,MULDER Carlos Luca,DEN,,0.0,0.0,,0.0,0.0,,,,0.0,,,,,,,,,,0.0
748,GOWEN James,GBR,0.0,,,,,0.0,,,,,,,,,,,,,,0.0
749,BARLETTA AVILA Ricardo Javier,HON,,,,,,,,,,,,,,,,0.0,,,0.0,0.0
750,BOSSER-LAMY Pierre Julien,BEL,,0.0,,,,,,,0.0,,,0.0,,,,,,,,0.0
751,PEGORETTI Ramon,SUI,,,0.0,,,,,,,,,,,,,,,,,0.0
752,VOELUND Jonas,DEN,,,0.0,0.0,0.0,,,,,0.0,,,,,,,,,,0.0
753,GILI LOPEZ Pau,ESP,,,,,,0.0,,,,,,,,,,,,,,0.0
754,BOLANOS Tiago,POR,,,,,0.0,0.0,,,,0.0,,,,0.0,,,,,,0.0
755,KOLARIC Jovan,SRB,0.0,,,,,,,,,,,,,,,,,,,0.0
755,RODRIGUEZ GONZALEZ Javier,ESP,,,,,,0.0,,,,,,,,,,,,,,0.0
757,TASCA Filiberto,ITA,,,,0.0,,,,,,,,,,,,,,,,0.0
757,STAHELI Maurice,SUI,,,0.0,,,,,,,,,,,,,,,,,0.0
757,BALOI Albert,ROU,0.0,,,,,,,,,,,,,,,,,,,0.0
757,TOFALIDES Alex,CYP,,,,,0.0,,,,,,,,,,,,,,,0.0
761,ZAMORANO SARDA Hugo,ESP,,,,,0.0,0.0,,,,,,,,,,,,,,0.0
762,FONTANA Davide,ITA,,,,0.0,,,,,,,,,,,,,,,,0.0
762,SZABO Szabolcs,ROU,0.0,,,,,,,,,,,,,,,,,,,0.0
762,PELLEGRINELLO Luca,BRA,,0.0,,,,,,,,,,,,,,,,,,0.0
765,POPOVIC Milos,MNE,,,,0.0,,,,,,,,0.0,,,,,0.0,,,0.0
766,GEIGER Julius,AUT,,,,,0.0,,,,,,,,,0.0,,,,,,0.0
767,PEDICINI Mattia Graziano,ITA,0.0,,,,,,,,,,,,,,,,,,,0.0
767,NAGEL Keanu,GER,,0.0,,,,,,,,,,,,,,,,,,0.0
767,BUNDALO Ivan,SRB,0.0,,,,,,,,,,,,,,,,,,,0.0
770,PERRONE Riccardo,ITA,,,,0.0,0.0,,,,,,,,,,,,,,,0.0
771,KULESOVS Vadims,LAT,,0.0,,,,,,,,0.0,,,,0.0,,,,,,0.0
772,BOSSHARD Eric,SUI,,,0.0,,,,,,,,,,,,,,,,,0.0
773,TAMANG Suki Ram,NEP,,,,,,,,,,,,,,,,,,0.0,,0.0
773,QUELIN-GUERLAIS Gaspard,SUI,,,0.0,,,,,,,,,,,,,,,,,0.0
773,POKKER David,ROU,,,,,0.0,,,,,,,,,,,,,,,0.0
773,RUSEV Martin,BUL,0.0,,,,,,,,,,,,,,,,,,,0.0
773,DELMORAL COMUNIAN Diego,VEN,,,,,,0.0,,,,,,,,,,,,,,0.0
778,ENESCU Ovidiu,ROU,0.0,,,,,,,,,,,,,,,,,,,0.0
778,O HANLUAIN FAY Eoghan,IRL,,,,,0.0,,,,,,,,,,,,,,,0.0
780,SKOK Andrii,UKR,,,,0.0,,0.0,,,,,,,,,,,,,,0.0
781,MATEOS GARCIA Guillermo,ESP,,,,,0.0,0.0,,,,,,,,,,,,,,0.0
782,OZSVART Barnabas,BEL,,0.0,,,,,,,,0.0,,,,,,,,,,0.0
783,BOCCA Dario,ITA,0.0,,,,,,,,,,,,,,,,,,,0.0
783,MOUGEL Kylan,SUI,,,0.0,,,,,,,,,,,,,,,,,0.0
783,TAKUIRA-MITA Jacob,NZL,,,,,,,,,,,,,,,,,,0.0,,0.0
786,VIDALI Aurel,LUX,,0.0,0.0,,0.0,,,,0.0,0.0,,0.0,,0.0,,,,,,0.0
787,MICHALSKI Christoph Magnus,GER,,0.0,0.0,,,,,,,,,,,,,,,,,0.0
788,ALKHLIF Ali,QAT,,,,,,,,,0.0,,0.0,,,,,,,0.0,0.0,0.0
789,CAPON RODRIGUEZ Biel,ESP,,,,,,0.0,,,,,,,,,,,,,,0.0
790,GAZAKBAYEV Omar,TKM,,,,,,,,,,,,,,,,,,0.0,,0.0
790,YORDANOV Kaloyan,BUL,0.0,,,,,,,,,,,,,,,,,,,0.0
790,SAVARIN Yoann,FRA,,0.0,,,,,,,,,,,,,,,,,,0.0
793,EL CHEMALI Ghadi,LBN,,,,,,,,0.0,,,,,,,,,,0.0,,0.0
794,STYN Robert,GER,,0.0,,,,,,,,,,0.0,,,,,,,,0.0
795,ZIVANOVIC Konstantin,SRB,0.0,,,,,,,,,,,,,,,,,,,0.0
795,TOMASIN Riccardo,SUI,,,0.0,,,,,,,,,,,,,,,,,0.0
795,ADAIR Scott,IRL,,,,,0.0,,,,,,,,,,,,,,,0.0
798,AGAYEV Arslan,TKM,,,,,,,,,,,,,,,,,,0.0,,0.0
798,MUSAMBI Gabriel Angel,BEL,,0.0,,,,,,,,,,,,,,,,,,0.0
798,ZULIANI Claudio,ITA,,,,0.0,,,,,,,,,,,,,,,,0.0
801,CUMMINGS Kai,USA,0.0,0.0,0.0,0.0,0.0,,,,,,,,,,,,,,,0.0
802,NIKOLIC Danilo,SRB,0.0,,,,,,,,,,,,,,,,0.0,,,0.0
803,VARONE Francesco,ITA,,,,0.0,,,,,,,,,,,,,,,,0.0
803,SCHANZLEH Thom,NED,,0.0,,,,,,,,,,,,,,,,,,0.0
803,REYNOSO Roman,ESP,,,,,,0.0,,,,,,,,,,,,,,0.0
803,GURUNG PRASHANT,NEP,,,,,,,,,,,,,,,,,,0.0,,0.0
807,ROSCA David,IRL,,,,,0.0,,,,,,,,,,,,,,,0.0
807,DEL PRETE Davide,ITA,,,,,,0.0,,,,,,,,,,,,,,0.0
807,GOEDEJOHANN Anselm,GER,,0.0,,,,,,,,,,,,,,,,,,0.0
807,YOUSSEF Ezmashli,SYR,,,,,,,,,,,,,,,,,,0.0,,0.0
807,SZURLEJ Maciej,POL,,,,0.0,,,,,,,,,,,,,,,,0.0
807,CHARBONNET Samuel,SUI,,,0.0,,,,,,,,,,,,,,,,,0.0
813,SOBOCAN Rok,SLO,0.0,,,0.0,0.0,,,0.0,,0.0,0.0,0.0,0.0,0.0,,,,,,0.0
814,DENCHEV Yavor,BUL,0.0,,,,,,,,,,,0.0,,,,,,,,0.0
815,PETRACHE George,ROU,0.0,,,,,,,,,,,,,,,,,,,0.0
815,ENRIQUEZ Lucas,ESP,,,,,,0.0,,,,,,,,,,,,,,0.0
815,RIYSMAN Maximilian,EST,,0.0,,,,,,,,,,,,,,,,,,0.0
815,WEERASINGHE Pasan,SRI,,,,,,,,,,,,,,,,,,0.0,,0.0
819,NIELSEN Frederik Holger Boejer,DEN,,,,,0.0,,,,,,,,,,,,,,,0.0
819,GIRI Janga,NEP,,,,,,,,,,,,,,,,,,0.0,,0.0
821,HVALA Vito,SLO,,,,0.0,,0.0,,,,,,,,,,,,,,0.0
822,KRYVONOS Maksym,UKR,,,,0.0,,0.0,,,,,,,,,,,,,,0.0
823,CORBU Cristian,ROU,0.0,,,,,,,,,,,,,,,,,,,0.0
823,STROBBIA Edoardo,ITA,,,0.0,,,,,,,,,,,,,,,,,0.0
823,SHRESTHA SOYAB MAN,NEP,,,,,,,,,,,,,,,,,,0.0,,0.0
826,RUBANKO Arlan,UKR,,,,0.0,,0.0,,,,,,,,,,,,,,0.0
827,LAKSIRI Suren,SRI,,,,,,,,,,,,,,,,,,0.0,,0.0
827,HERTEL David,AUT,,,,,0.0,,,,,,,,,,,,,,,0.0
827,STALDER Leonard,SUI,,,0.0,,,,,,,,,,,,,,,,,0.0
830,LENDERINK Raul,NED,,0.0,,0.0,,,,,,,,,,,,,,,,0.0
831,KNEPP Matej,SVK,,,,0.0,,0.0,,,,,,0.0,,,,,,,,0.0
832,NIKOLIC Luka,SRB,0.0,,,,,,,,,,,,,,,,,,,0.0
832,GROGAN Stephen,IRL,,,,,0.0,,,,,,,,,,,,,,,0.0
832,FERNANDEZ Matéo,FRA,,,0.0,,,,,,,,,,,,,,,,,0.0
835,GUR Baris,TUR,,,0.0,,,,,,,,,,,0.0,,,,,,0.0
836,WAN Nicholas Wei An,MAS,,,,,0.0,,,,,,,,,0.0,,,,,,0.0
837,ELIZARI Inigo,ESP,,,,,,0.0,,,,,,,,,,,,,,0.0
837,LIPTAY Adam,HUN,,,,0.0,,,,,,,,,,,,,,,,0.0
839,MADSEN Jonas Lau,DEN,,0.0,,,0.0,,,,,,,,,,,,,,,0.0
840,HU Robert,USA,,0.0,,,,0.0,,,,,,,,,,,,,,0.0
841,YUSMEN Filip,BUL,0.0,,,,,,,,,,,0.0,,,,,,,,0.0
842,VERDON Paul,IRL,,,,,0.0,,,,,,,,,,,,,,,0.0
842,PADUREANU David,ROU,0.0,,,,,,,,,,,,,,,,,,,0.0
844,SMOLOVIC Timotije,MNE,0.0,,,,,,,,,,,,,,,,,,0.0,0.0
845,POHL Marc Arthur,GER,,0.0,,,,,,,,,,,,,,,,,,0.0
845,PUERTO Andres,ESP,,,,,,0.0,,,,,,,,,,,,,,0.0
847,DOBREV Deyan,BUL,0.0,,,,,,,,0.0,,,,,0.0,,,0.0,,,0.0
848,SANCHEZ RODRIGUEZ Guillermo,ESP,,,,,,0.0,,,,,,,,,,,,,,0.0
848,SANCHEZ ALMOGUERA Ricardo,ESP,,,,,,0.0,,,,,,,,,,,,,,0.0
848,COLMANT Cesar,BEL,,0.0,,,,,,,,,,,,,,,,,,0.0
848,GALLIGAN Peter,IRL,,,,,0.0,,,,,,,,,,,,,,,0.0
848,HARGADEN Jamie,IRL,,,,,0.0,,,,,,,,,,,,,,,0.0
848,LANGHAMMER Ralf,GER,,,0.0,,,,,,,,,,,,,,,,,0.0
854,LULEOV Aleksandar,BUL,0.0,,,,,,,,,,,0.0,,,,,,,,0.0
855,ASTRELLA Niklas,FRA,,,0.0,,,,,,,,,,,,,,,,,0.0
855,PIRAUX Milo,BEL,,0.0,,,,,,,,,,,,,,,,,,0.0
855,SCHENKENGEL Benedict,GER,,,0.0,,,,,,,,,,,,,,,,,0.0
858,HORDON Illia,UKR,,,0.0,0.0,,,,,,,,,,,,,,,,0.0
859,SAMARDZIC Dragoljub,SRB,0.0,,,,,,,,,,,0.0,,,,,,,,0.0
860,GALUASHVILI Lasha,GEO,,,,,0.0,,,,,,,,,,,,,,,0.0
860,NORDTVEIT Didrik,NOR,,0.0,,,,,,,,,,,,,,,,,,0.0
862,MARTINEZ COLL Luis,ESP,,,,,0.0,0.0,,,,,,,,,,,,,,0.0
863,DOLMETSCH NIGH Max Balam,COL,,,,,,0.0,0.0,,,0.0,,,,,,,,,,0.0
864,CHARVY Thomas,FRA,,0.0,,,,,,,,,,,,,,,,,,0.0
864,CHANU Benoit,FRA,,0.0,,,,,,,,,,,,,,,,,,0.0
864,DJUROVIC Milos,SRB,0.0,,,,,,,,,,,,,,,,,,,0.0
864,OHANESSIAN Sarkis,SUI,,,0.0,,,,,,,,,,,,,,,,,0.0
868,HAYES Elliot,NZL,,,0.0,,0.0,,,,,,,,,,,,,,,0.0
869,TORRES SOLANO Inigo,ESP,,,,,,0.0,,,,,,,,,,,,,,0.0
869,MOORE Toby,GBR,,,0.0,,,,,,,,,,,,,,,,,0.0
869,MIHAYLOV Maksim,BUL,0.0,,,,,,,,,,,,,,,,,,,0.0
869,BRALO Matija,CRO,,,,0.0,,,,,,,,,,,,,,,,0.0
873,BLOOMFIELD Harry,NZL,,0.0,,,0.0,,,,,,,,,,,,,,,0.0
874,VAN RENTERGHEM Lars,BEL,,0.0,,,,,,,,,,,,,,,,,,0.0
874,BARGERO Simone,ITA,0.0,,,,,,,,,,,,,,,,,,,0.0
874,WALMSLEY Joseph,GBR,,,0.0,,,,,,,,,,,,,,,,,0.0
877,GEITUNG Tomas,NOR,,,,,,,,,,,,,,,,,0.0,,,0.0
877,WANG Meng,IRL,,,,,0.0,,,,,,,,,,,,,,,0.0
877,JUMET Alexandre,BEL,,0.0,,,,,,,,,,,,,,,,,,0.0
877,BALABANOV Borimir,BUL,0.0,,,,,,,,,,,,,,,,,,,0.0
877,THAYER Jake,USA,,,,,,0.0,,,,,,,,,,,,,,0.0
877,MAZIN IVAN,UKR,,,,0.0,,,,,,,,,,,,,,,,0.0
883,BEGLEY Paul-Ryan,IRL,,0.0,0.0,,0.0,,,,,,,,,,,,,,,0.0
884,YORDANOV Matey,BUL,0.0,,,,,,,,,,,,,,,,,,,0.0
884,DILIBERTO Luca,ITA,,,0.0,,,,,,,,,,,,,,,,,0.0
884,MARTIN GASCON Anibal,ESP,,,,,,0.0,,,,,,,,,,,,,,0.0
887,HUCHLER Jakob,AUT,,0.0,,,,,,,,0.0,,,,,,,,,,0.0
888,SVICHKAR Bohdan,UKR,,,,0.0,,,,,,,,,,,,,,,,0.0
888,SOMODY Bonca,HUN,0.0,,,,,,,,,,,,,,,,,,,0.0
890,BACIU Stefan Catalin,ROU,0.0,,,,,,,,,,,,,,,,,,,0.0
890,LIONELLO Arturo,SUI,,,0.0,,,,,,,,,,,,,,,,,0.0
890,BAKKE Alexander,NOR,,,,,0.0,,,,,,,,,,,,,,,0.0
890,PONNET Robin,BEL,,0.0,,,,,,,,,,,,,,,,,,0.0
890,GORMAZ Javier Ivan,ESP,,,,,,0.0,,,,,,,,,,,,,,0.0
895,MYKYTENKO Oleh,UKR,,,,0.0,,0.0,,,,,,,,,,,,,,0.0
896,KULKA Dawid,IRL,,,,,0.0,,,,,,,,,,,,,,,0.0
896,UGAZ VIDAL Mateo,ESP,,,,,,0.0,,,,,,,,,,,,,,0.0
896,MILOSEVIC Marko,SRB,0.0,,,,,,,,,,,,,,,,,,,0.0
896,CAVLI Ali Arda,TUR,0.0,,,,,,,,,,,,,,,,,,,0.0
900,DURASKOVIC Filip,MNE,0.0,,,0.0,,,,,,,,,,,,,,,0.0,0.0
901,ADAMS Richard,IRL,,,,,0.0,,,,,,,,,,,,,,,0.0
902,DUNCHEV Blagoy,BUL,0.0,,,,0.0,,,,,,,0.0,,,,,,,,0.0
903,ISIKLAR baran,TUR,,,,0.0,,,,,,,,,,,,,,,,0.0
903,VAN EDEREN Adam,NED,,0.0,,,,,,,,,,,,,,,,,,0.0
903,DAKOV Yasen,BUL,0.0,,,,,,,,,,,,,,,,,,,0.0
906,BROULIS Alexandre,SUI,,,0.0,,,,,,,,,,,,,,,,,0.0
906,FEY Bertram,GER,0.0,,,,,,,,,,,,,,,,,,,0.0
906,VOLKOV Daniel,LTU,,0.0,,,,,,,,,,,,,,,,,,0.0
906,ABELLAN POZA Pablo,ESP,,,,,0.0,,,,,,,,,,,,,,,0.0
910,GARCIA LA PARRA Gonzalo,ESP,,,,,0.0,0.0,,,,,,,,,,,,,,0.0
911,DEGORCE Raphael,SUI,,,0.0,,,,,,,,,,,,,,,,,0.0
911,TEMO PLANES Angel,ESP,,,,,,0.0,,,,,,,,,,,,,,0.0
913,VELAZQUEZ DE ABA Ramon Antonio,SUI,,,0.0,,,,,,,,,,,,,,,,,0.0
913,CHERRY Robert,IRL,,,,,0.0,,,,,,,,,,,,,,,0.0
913,ESPI FONTELLES Oriol,ESP,,,,,,0.0,,,,,,,,,,,,,,0.0
913,VRBAJAC Kosta,SRB,0.0,,,,,,,,,,,,,,,,,,,0.0
917,RUSYN Maksym,UKR,,,,0.0,,,,,,,,,,,,,,,,0.0
917,KAVANAGH Padraig,IRL,,,,,0.0,,,,,,,,,,,,,,,0.0
917,SUNDER-RAJAN Sameer,GBR,,,0.0,,,,,,,,,,,,,,,,,0.0
917,STANOJEVIC Sterija,SRB,0.0,,,,,,,,,,,,,,,,,,,0.0
921,VARGAS INCIARTE Salvador Gabriel,ESP,,,,,,0.0,,,,,,,,,,,,,,0.0
921,ISCHI Eric,SUI,,,0.0,,,,,,,,,,,,,,,,,0.0
921,URBAN Pawel,POL,0.0,,,,,,,,,,,,,,,,,,,0.0
924,ASHRAFI Ehsan,SWE,,,,0.0,,,,,,,,,,,,,,,,0.0
924,NEERMAN Leon,BEL,,0.0,,,,,,,,,,,,,,,,,,0.0
926,MILINKOVIC Djordje,SRB,0.0,,,0.0,,,,,,,,,,,,,,,,0.0
927,LAKOVIC Strahinja,MNE,,,,,,,,,,,,,,,,,0.0,,,0.0
927,FEY Tom,GER,0.0,,,,,,,,,,,,,,,,,,,0.0
929,VAN COPPENOLLE Nicolas,BEL,,0.0,,,,,,,,,,,,,,,,,,0.0
929,STRELARAC Justin,SRB,0.0,,,,,,,,,,,,,,,,,,,0.0
931,PASSIAS Nikolaos,GRE,,,,,,,,,,,,,,,,,0.0,,,0.0
931,DEBAK Marko,CRO,,,,0.0,,,,,,,,,,,,,,,,0.0
931,NECKOVIC Vladan,SRB,0.0,,,,,,,,,,,,,,,,,,,0.0
931,WHITLEY Jay,USA,0.0,,,,,,,,,,,,,,,,,,,0.0
935,DEL TORNO IGLESIAS Gabriel,ESP,,,,,,0.0,,,,,,,,,,,,,,0.0
935,TRPKOVSKI Pavel,MKD,,,,,,,,,,,,,,,,,0.0,,,0.0
935,VAN LAECKE Gregory,BEL,,0.0,,,,,,,,,,,,,,,,,,0.0
935,MANIERO Roko,CRO,,,,0.0,,,,,,,,,,,,,,,,0.0
939,RUSSELL Finn,GBR,,,0.0,,,0.0,,,,,,,,,,,,,,0.0
940,HLUCHY Lukas,SVK,,,,0.0,,0.0,,,,,,,,,,,,,,0.0
941,HARTMANN Martin,CZE,,,,,,0.0,,,,,,,,,,,,,,0.0
942,TETTENBORN Alexander,GER,,0.0,0.0,,,,,,,,,,,,,,,,,0.0
943,PETROVIC Bartul,CRO,,,,0.0,,,,,,,,,,,,,,,,0.0
944,TODOROVIC Erik,CRO,,,,0.0,,,,,,,,,,,,,,,,0.0
944,WAFFELAERT Thibault,BEL,,0.0,,,,,,,,,,,,,,,,,,0.0
944,ANKER Mees,NED,,0.0,,,,,,,,,,,,,,,,,,0.0
947,BORER Pavlo,SUI,,,0.0,,,,,,,,,,,,,,,,,0.0
947,SANCHEZ BURGUI Yeray,ESP,,,,,,0.0,,,,,,,,,,,,,,0.0
949,BERTUCCELLI Costantino,ITA,,,,,,0.0,,,,,,,,,,,,,,0.0
949,VOERSAA Christian,DEN,,0.0,,,,,,,,,,,,,,,,,,0.0
949,ULRICH Julien,SUI,,,0.0,,,,,,,,,,,,,,,,,0.0
952,FREY Jeremia,SUI,,,0.0,,,,,,,,,,,,,,,,,0.0
952,BECKLEY Jack,GBR,,,0.0,,,,,,,,,,,,,,,,,0.0
952,SCHOUT Jasper,NED,,0.0,,,,,,,,,,,,,,,,,,0.0
955,DI LILLO Danilo,ITA,,,,,,0.0,,,,,,,,,,,,,,0.0
955,HERDEGEN Matthias,GER,,0.0,,,,,,,,,,,,,,,,,,0.0
957,JORDAN Rene,GER,,0.0,,,,,,,,,,,,,,,,,,0.0
957,JIMENEZ GISBERT Aleix,ESP,,,,,,0.0,,,,,,,,,,,,,,0.0
957,AMSTUTZ Sebastien,SUI,,,0.0,,,,,,,,,,,,,,,,,0.0
960,CASADO Elias,ESP,,,,,,0.0,,,,,,,,,,,,,,0.0
960,LONGO Marco,GER,,,0.0,,,,,,,,,,,,,,,,,0.0
960,PIETERS Kyano,NED,,0.0,,,,,,,,,,,,,,,,,,0.0
960,CAGNET Robin,FRA,,,0.0,,,,,,,,,,,,,,,,,0.0
964,SANCHEZ ORTIZ Jorge,ESP,,,,,,0.0,,,,,,,,,,,,,,0.0
965,BAUWELINCK Briecq,BEL,,0.0,,,,,,,,,,,,,,,,,,0.0
965,PEREIRA EIRIZ Jorge,ESP,,,,,,0.0,,,,,,,,,,,,,,0.0
967,LENNARTZ Daan,GER,,0.0,,,,,,,,,,,,,,,,,,0.0
967,DEMIERRE Nicolas,SUI,,,0.0,,,,,,,,,,,,,,,,,0.0
969,WETZEL Oliver,SUI,,,0.0,,,,,,,,,,,,,,,,,0.0
969,CORDOBA ALVAREZ Jorge,ESP,,,,,,0.0,,,,,,,,,,,,,,0.0
971,ABBASZADEH Nima,CAN,,0.0,,,,,,,,,,,,,,,,,,0.0
971,MONACO Valentino,ITA,,,,,,0.0,,,,,,,,,,,,,,0.0
973,GSCHWEND Marino Roberto,SUI,,,0.0,,,,,,,,,,,,,,,,,0.0
973,ALVAREZ APARICIO Marcos,ESP,,,,,,0.0,,,,,,,,,,,,,,0.0
975,LONTANI Matteo,ITA,,,,,,0.0,,,,,,,,,,,,,,0.0
975,KEUSCH Guillaume,SUI,,,0.0,,,,,,,,,,,,,,,,,0.0
975,SANTARELLI Sebastien,BEL,,0.0,,,,,,,,,,,,,,,,,,0.0
978,ALI Adam,USA,,0.0,,,,,,,,,,,,,,,,,,0.0
979,WANG Liangdi,HKG,,,0.0,,,,0.0,0.0,,,,,,0.0,,,,,,0.0
980,THIELEMANS Alain,BEL,,0.0,,,,,,,,,,,,,,,,,,0.0
980,BREKER Henri,GER,,,0.0,,,,,,,,,,,,,,,,,0.0
982,LEMAITRE Nicolas,BEL,,0.0,,,,,,,,,,,,,,,,,,0.0
982,FERRUS GARCIA Joan,ESP,,,,,,0.0,,,,,,,,,,,,,,0.0
984,MARINETTI Michele Pietro,ITA,,,,,,0.0,,,,,,,,,,,,,,0.0
984,LAURENT Maxime,FRA,,,0.0,,,,,,,,,,,,,,,,,0.0
986,VALCARCEL Victor,ESP,,,,,,0.0,,,,,,,,,,,,,,0.0
986,ZIMMERMANN Henri,GER,,,0.0,,,,,,,,,,,,,,,,,0.0
988,STRUBIN Arnaud,SUI,,,0.0,,,,,,,,,,,,,,,,,0.0
989,BONNOT Antonin,FRA,,,0.0,,,,,,,,,,,,,,,,,0.0
989,VAZQUEZ CARRIO Luis,ESP,,,,,,0.0,,,,,,,,,,,,,,0.0
991,VIOLA CILLEROS Bruno,ESP,,,,,,0.0,,,,,,,,,,,,,,0.0
992,BULLIARD Valentin,SUI,,,0.0,,,,,,,,,,,,,,,,,0.0
992,SOLA Rafael,ESP,,,,,,0.0,,,,,,,,,,,,,,0.0
994,ALVITO Luis,POR,,,,,,0.0,,,,,,,,,,,,,,0.0
995,PETRINI Noah,SUI,,,0.0,,,,,,,,,,,,,,,,,0.0
995,PEREZ GARCIA Carlos,ESP,,,,,,0.0,,,,,,,,,,,,,,0.0
997,PENIZA MEJIAS Fco. Gabriel,ESP,,,,,,0.0,,,,,,,,,,,,,,0.0
997,BERGER Guillaume,SUI,,,0.0,,,,,,,,,,,,,,,,,0.0
999,KOMLEV Maxim,CZE,,,0.0,,,0.0,,,,,,,,,,,,,,0.0
1000,RUSSELL James,GBR,,,0.0,,,,,,,,,,,0.0,,,,,,0.0
1001,PEREZ WEBER Juan,ESP,,,,,,0.0,,,,,,,,,,,,,,0.0
1002,CUESTA ONATE Carlos,ESP,,,,,,0.0,,,,,,,,,,,,,,0.0
1003,ODGAARD-JENSEN Johan,DEN,,,,,,0.0,,,,0.0,,,,,,,,,,0.0
1004,SEILLON Alix,FRA,,,0.0,,,,,,,,,,,,,,,,,0.0
1005,MIGUEZ BENITO Guillermo,ESP,,,,,,0.0,,,,,,,,,,,,,,0.0
1006,TORNER SANCHEZ Obac,ESP,,,,,,0.0,,,,,,,,,,,,,,0.0
1007,TORRENS URRUTIA Adria,ESP,,,,,,0.0,,,,,,,,,,,,,,0.0
1007,RIVA Dino,SUI,,,0.0,,,,,,,,,,,,,,,,,0.0
1009,VENDRELL FORTEZA-REY Guillem,ESP,,,,,,0.0,,,,,,,,,,,,,,0.0
1010,MAITA VILLARROEL Manuel,VEN,,,,,,,,,,,,,0.0,0.0,,,,,,0.0
1011,CAP Hector,GUA,,,,,,,,,,,,,0.0,,,,,,,0.0
1011,PEREZ MARTINEZ David,ESP,,,,,,0.0,,,,,,,,,,,,,,0.0
1013,GASPAR Laszlo Gedeon,ARG,,,,,,0.0,,,,,,,,,,,,,,0.0
1014,VIDAL CARUNCHO Adrian,ESP,,,,,,0.0,,,,,,,,,,,,,,0.0
1014,DOMINGUEZ ORONEZ German Haroldo,ESP,,,,,,0.0,,,,,,,,,,,,,,0.0
1016,VINTIMILLA BORJA Carlos Javier,ECU,,,,,,,,,,,,,0.0,,,,,,,0.0
1017,GARCIA CAMACHO Ariel,ESP,,,,,,0.0,,,,,,,,,,,,,,0.0
1018,MORA MORENO Alonso,ESP,,,,,,0.0,,,,,,,,,,,,,,0.0
1018,CAMILO GUEVARA NICOLAS,COL,,,,,,,,,,,,,0.0,,,,,,,0.0
1020,ERRICHIELLO Angelo,ITA,,,,,,0.0,,,,,,,,,,,,,,0.0
1020,VARGAS BENITEZ Juan Jose,ESP,,,,,,0.0,,,,,,,,,,,,,,0.0
1022,SENIS LOPEZ Roger,ESP,,,,,,0.0,,,,,,,,,,,,,,0.0
1023,ACHURRA Johan,PAN,,,,,,,0.0,,,,,,0.0,0.0,,,,,,0.0
1024,ORRO TABOADA Gabriel,ESP,,,,,,0.0,,,,,,,,,,,,,,0.0
1025,ALNASER Abdallah,JOR,,,,,,0.0,,,,,,,,,,,,,,0.0
1025,TANG Mingyuan,CHN,,,,,,,,,,,,,0.0,,,,,,,0.0
1027,SANZ DEL PUERTO Andy,ESP,,,,,,0.0,,,,,,,,,,,,,,0.0
1027,ROCA VILARDEBO Alex,ESP,,,,,,0.0,,,,,,,,,,,,,,0.0
1029,GODOY Julian,CRC,,,,,,,,,,,,,0.0,,,,,,,0.0
1030,RODRIGUEZ Jaime,COL,,,,,,,,,,,,,0.0,,,,,,,0.0
1031,GAROLERA COMPTE Didac,ESP,,,,,,0.0,,,,,,,,,,,,,,0.0
1032,MORALES CASTRO Gabriel,CRC,,,,,,,,,,,,,0.0,,,,,,,0.0
1033,ABAD PINAZO Javier,ESP,,,,,,0.0,,,,,,,,,,,,,,0.0
1034,MOSKALCHUK Vitalii,UKR,,,,,,0.0,,,,,,,,,,,,,,0.0
1034,BUSTOS INSUASTI OMAR ADOLFO,ECU,,,,,,,,,,,,,0.0,,,,,,,0.0
1036,LATORRE FERNANDEZ Fernando,ESP,,,,,,0.0,,,,,,,,,,,,,,0.0
1036,HERNANDEZ JARAMILLO Juan Manuel,COL,,,,,,,,,,,,,0.0,,,,,,,0.0
1038,PRIM SERRADILLA Jaime,ESP,,,,,,0.0,,,,,,,,,,,,,,0.0
1039,BRILLA ARAYA Luis Steffano,CRC,,,,,,,,,,,,,0.0,,,,,,,0.0
1039,DE LA CRUZ Justin J.,PUR,,,,,,,,,,,,,0.0,,,,,,,0.0
1041,AYALA Jaime,MEX,,,,,,0.0,0.0,,,,,,,,,,,,,0.0
1042,ROMERO VICTORES Desley,CUB,,,,,,,,,,,,,0.0,,,,,,,0.0
1043,CHAVEZ Ismael,MEX,,,,,,,,,,,,0.0,0.0,,,,,,,0.0
1044,BUSTILLO NAVARRO Gonzalo,ESP,,,,,,0.0,,,,,,,,,,,,,,0.0
1044,CURTO QUINTANA Arnau,ESP,,,,,,0.0,,,,,,,,,,,,,,0.0
1044,CALDERON MARIN Alejandro,COL,,,,,,,,,,,,,0.0,,,,,,,0.0
1047,AL ZAROONI Khalifa,UAE,,,,,,,,0.0,0.0,,,,,,,,,,,0.0
1048,ASTORINO FIGUEROA Giuseppe,VEN,,,,,,,,,,,,0.0,0.0,,,,,,,0.0
1049,KIRSCHEN Uwe,GER,,,,,,0.0,,,,,,,,,,,,,,0.0
1050,LEE Benjamin Shijie,SGP,,,,,,,,,0.0,,,,,,,,,,,0.0
1050,FRANCO ROBLES Xian,ESP,,,,,,0.0,,,,,,,,,,,,,,0.0
1050,MURILLO GARCIA JUAN PABLO,COL,,,,,,,,,,,,,0.0,,,,,,,0.0
1053,LOCKHUART GUERRERO Jose Rafael,DOM,,,,,,,0.0,,,,,,0.0,,,,,,,0.0
1054,BENITEZ MORALES Javier,ESP,,,,,,0.0,,,,,,,,,,,,,,0.0
1054,RAMÍREZ CARDONA SEBASTIÁN,COL,,,,,,,,,,,,,0.0,,,,,,,0.0
1054,LUMIJARVI Juha,FIN,,,,,,0.0,,,,,,,,,,,,,,0.0
1054,MONROY HERRERA Juan Sebastian,COL,,,,,,,,,,,,,0.0,,,,,,,0.0
1058,DUANMU Youran,CHN,,,,,,,,,0.0,,,,,,,,,,,0.0
1059,MARIN PENAS Ricardo,ESP,,,,,,0.0,,,,,,,,,,,,,,0.0
1060,TOMAN Jan,CZE,,,,,,,,,0.0,,,0.0,,,,,,,,0.0
1061,MEJIA PINZON Juan Sebastian,COL,,,,,,,,,,,,,0.0,,,,,,,0.0
1061,BINDER ARROYO Gabriel,ESP,,,,,,0.0,,,,,,,,,,,,,,0.0
1063,SANTIBANEZ Felipe,CHI,,,,,,,,,,,,,0.0,0.0,,,,,,0.0
1064,ARRIBAS Oscar,ESP,,,,,,0.0,,,,,,,,,,,,,,0.0
1065,SHEE Tim Zhe Guang,SGP,,,,,,,,0.0,,,,,,,,,,,0.0,0.0
1066,RIBEIRO Rafael,BRA,,,,,,,,,,,,,0.0,,,,,,,0.0
1066,GALBANY AGULLO Borja,ESP,,,,,,0.0,,,,,,,,,,,,,,0.0
1068,RESTREPO GARCIA Kevin Andres,COL,,,,,,,,,,,,,0.0,,,,,,,0.0
1068,TANG Cheuk Yin,HKG,,,,,,,,,0.0,,,,,,,,,,,0.0
1068,AVELLA DE LA ROSA Matias,COL,,,,,,,,,,,,,0.0,,,,,,,0.0
1071,CORTES ARROYO Aaron,ESP,,,,,,0.0,,,,,,,,,,,,,,0.0
1071,GARCIA TENA Daniel,ESP,,,,,,0.0,,,,,,,,,,,,,,0.0
1073,LEGUIZAMON ESCAURIZA Victor Nicolas,PAR,,,,,,,,,,,,,,,,,,,0.0,0.0
1073,SALAZAR MUÑETON JEANCOOL,COL,,,,,,,,,,,,,0.0,,,,,,,0.0
1075,ALJAHADHMIY Hamdan,UAE,,,,,,,,0.0,0.0,,,,,,,,,,,0.0
1076,AGAMEZ LONDONO Stahelyn Jose,COL,,,,,,,,,,,,,0.0,,,,,,,0.0
1077,MAHAMUD Gonzalo,ESP,,,,,,0.0,,,,,,,,,,,,,,0.0
1077,SITA Matteo,DOM,,,,,,,,,,,,,0.0,,,,,,,0.0
1077,FERNANDEZ SARMIENTO Alvar,ESP,,,,,,0.0,,,,,,,,,,,,,,0.0
1080,MAMMADOV Mirkhatai,AZE,,,,,,,,,,,,,,,,,,,0.0,0.0
1080,LIPPMAN Jake,CAN,,,,,,,0.0,,,,,,,,,,,,,0.0
1082,PERTUISOT Hugo,FRA,,,,,,,0.0,,0.0,,,,,,,,,,,0.0
1083,TSOURI MOHAMED LAROUSSI,TUN,,,,,,,,,0.0,,,,,,,,,,,0.0
1083,PANADERO NOCEDA Mario,ESP,,,,,,0.0,,,,,,,,,,,,,,0.0
1083,ARNAO Jorge,PER,,,,,,,,,,,,,0.0,,,,,,,0.0
1083,ZHABAIKHANOV Arman,KAZ,,,,,,,,,,,0.0,,,,,,,,,0.0
1087,CANO JIMÉNEZ IVÁN DAVID,COL,,,,,,,,,,,,,0.0,,,,,,,0.0
1088,LAURON Sean Patrick,PHI,,,,,,,0.0,,,0.0,0.0,,,0.0,,,,,0.0,0.0
1089,LEE Seunghyun,KOR,,,,,,,,,,,0.0,,,,,,,,,0.0
1089,MORENO JIMENEZ Alejandro,ESP,,,,,,0.0,,,,,,,,,,,,,,0.0
1089,BENITEZ CALDERON Jesus,VEN,,,,,,,,,,,,,0.0,,,,,,,0.0
1092,CATALA ORENGO Joan,ESP,,,,,,0.0,,,,,,,,,,,,,,0.0
1092,AVELLA DE LA ROSA Jeronimo,COL,,,,,,,,,,,,,0.0,,,,,,,0.0
1092,RAMIREZ QUINTERO Juan Diego,COL,,,,,,,,,,,,,0.0,,,,,,,0.0
1095,LIPPMAN Eli,CAN,,,,,,,0.0,,,,,,,,,,,,,0.0
1095,TODOROVSKI Matej,MKD,,,,,,,,,,,,,,,,,,,0.0,0.0
1095,GARCIA CALDERON Sergio,ESP,,,,,,0.0,,,,,,,,,,,,,,0.0
1098,ZURITA Ignacio,CHI,,,,,,,,,,,,,0.0,,,,,,,0.0
1098,ESSOULI Joakim,FIN,,,,,,0.0,,,,,,,,,,,,,,0.0
1100,GUTIERREZ GALARZA Cesar David,COL,,,,,,,,,,,,,0.0,,,,,,,0.0
1100,HERRERO PASCUAL Eduardo,ESP,,,,,,0.0,,,,,,,,,,,,,,0.0
1100,BARRIOS OLARTE Miguel Angel,COL,,,,,,,,,,,,,0.0,,,,,,,0.0
1103,MEDER Johnny,FIN,,,,,,0.0,,,,,,,,,,,,,,0.0
1104,BALCAZAR Jose Luis,ESP,,,,,,0.0,,,,,,,,,,,,,,0.0
1105,BALTABAY Nurmukhamed,KAZ,,,,,,,,,,,0.0,,,,,,,,,0.0
1106,RAHIMI HARDOROUDI Mohammad,IRI,,,,,,,,0.0,,,,,,,,,,,,0.0
1107,BALL LA HOOD Joel,NZL,,,,,,,0.0,,,,,,,0.0,,,,,,0.0
1108,ALFOUDARI Hassan,KUW,,,,,,,,,0.0,,,,,,,,,,,0.0
1108,WESOLOWSKI Mikolaj,POL,,,,,,,,0.0,,,,,,,,,,,,0.0
1110,NDJEKA Jesse,RSA,,,,,,,0.0,,,,,,,,,,,,,0.0
1110,REPIC Oliver,SRB,,,,,,,0.0,,,,,,,,,,,,,0.0
1112,MASENA Koketso,BOT,,,,,,,,,,,,,,,,,,,0.0,0.0
1112,RICUTA Laurentiu,ROU,,,,,,,0.0,,,,,,,,,,,,,0.0
1114,IBODULLAEV Asilbek,UZB,,,,,,,,0.0,,,,,,,,,,,,0.0
1114,TSAI Oscar,TPE,,,,,,,0.0,,,,,,,,,,,,,0.0
1116,CHUA Immanuel Jun Yi,SGP,,,,,,,,0.0,,,,,,,,,,,,0.0
1116,BILLARD Corentin Daniel Mahmoud,SEN,,,,,,,,,,,,,,,,,,,0.0,0.0
1116,ABD HADI Muhammad Amir Syzwan,MAS,,,,,,,,,,,,,,,,,,,0.0,0.0
1119,WAI Tsz Ho,HKG,,,,,,,,0.0,0.0,,,0.0,,0.0,,,,,,0.0
1120,CUCOS Alex,CAN,,,,,,,0.0,,,0.0,,0.0,,0.0,,,,,,0.0
1121,MCARTHUR Samuel,NZL,,,,,,,,,,,,,,,,,,,0.0,0.0
1122,QIN Zhi Yuan,NZL,,,,,,,0.0,,0.0,,,,,,,,,,,0.0
1123,ANTOKHIN Arseniy,RUS,,,,,,,,0.0,,,,,,,,,,,,0.0
1124,ZHANUZAKOV Zhanarbek,KAZ,,,,,,,,,,,0.0,,,,,,,,,0.0
1125,MAURY Julien,FRA,,,,,,,0.0,0.0,,,,,,,,,,,,0.0
1126,STRYDOM Connor,NAM,,,,,,,,,,,,,,,,,,,0.0,0.0
1127,ISOOBA EDWARD,UGA,,,,,,,,,,,,,,,,,,,0.0,0.0
1128,KIM Timofey,KAZ,,,,,,,,,,,0.0,,,,,,,,,0.0
1129,MOHAMED Mayed,UAE,,,,,,,,0.0,,,,,,,,,,,,0.0
1130,ALLEGRE Paul,FRA,,,,,,,0.0,,,,,,,,,,,,,0.0
1131,ROHIT Rohit,IND,,,,,,,,,0.0,,0.0,,,,,,,,,0.0
1132,LUTYENS-HUMFREY Charlie,GBR,,,,,,,,,,,0.0,,,,,,,,,0.0
1133,FAVRE Aurele,SUI,,,,,,,0.0,,,,,,,,,,,,,0.0
1134,ALKHALDI Nawaf,KSA,,,,,,,,,0.0,,,,,,,,,,,0.0
1134,SIDOROV Vladimir,KAZ,,,,,,,,,,,0.0,,,,,,,,,0.0
1134,GRAHAM Elijah,AUS,,,,,,,0.0,,,,,,,,,,,,,0.0
1137,CHEN JUNJI,CHN,,,,,,,,0.0,,0.0,,,,,,,,,,0.0
1138,AL HAZAA Mohammed,QAT,,,,,,,,,0.0,,,,,,,,,,,0.0
1139,WANG Yat Sai Terry,HKG,,,,,,,0.0,,,,,0.0,,0.0,,,,,,0.0
1140,PETER Aron,HUN,,,,,,,,,0.0,,,,,,,,,,,0.0
1141,NAIMOV Avezbek,UZB,,,,,,,,0.0,,,,,,,,,,,,0.0
1141,KHRISSANOV Peter,CAN,,,,,,,0.0,,,,,,,,,,,,,0.0
1143,ATEF Omar,EGY,,,,,,,,0.0,0.0,0.0,,0.0,,,,,,,,0.0
1144,DIMOV Bogdan,KAZ,,,,,,,,,,,0.0,,,,,,,,,0.0
1144,CAUCHY Eliot,CAN,,,,,,,0.0,,,,,,,,,,,,,0.0
1146,ALMHEIRI Masoud,UAE,,,,,,,,0.0,,,,,,,,,,,,0.0
1147,SHARMA Sanil,ISV,,,,,,,0.0,,,0.0,,,,,,,,,,0.0
1148,TYSHKO ILLIA,UKR,,,,,,,0.0,,,,,,,,,,,,,0.0
1148,YANG Zhixing,SGP,,,,,,,,0.0,,,,,,,,,,,,0.0
1150,OMERBAS Bartu,TUR,,,,,,,,,0.0,,,,,,,,,,,0.0
1151,VYAZIGIN Andrey,KAZ,,,,,,,,,,,0.0,,,,,,,,,0.0
1151,BARTHELEMY Arnaud,CAN,,,,,,,0.0,,,,,,,,,,,,,0.0
1153,BASSIL Mark,LBN,,,,,,,,,0.0,,,,,,,,,,,0.0
1154,AL-ZAIDI Muntadher,IRQ,,,,,,,,,0.0,,,,,,,,,,,0.0
1154,GAMIL Hamza,EGY,,,,,,,,0.0,,,,,,,,,,,,0.0
1156,MOAWAD Hossam,EGY,,,,,,,,0.0,0.0,,,,,,,,,,,0.0
1157,AL-MALIKI Hussein,IRQ,,,,,,,,,0.0,,,,,,,,,,,0.0
1158,AKYLBEKOV Aiturbek,KGZ,,,,,,,,,,,0.0,,,,,,,,,0.0
1158,KROUPIS GEORGIOS,GRE,,,,,,,,,0.0,,,,,,,,,,,0.0
1160,ATAKOZUEV AIDIN,KGZ,,,,,,,,,,,0.0,,,,,,,,,0.0
1160,ALBLOOSHI Omran,UAE,,,,,,,,0.0,,,,,,,,,,,,0.0
1162,LUKA Lukic Debakker,SLO,,,,,,,0.0,,,,,,,0.0,,,,,,0.0
1163,FEDOTOV Yakov,KAZ,,,,,,,,,,,0.0,,,,,,,,,0.0
1164,ALBLOOSHI Saleh,UAE,,,,,,,,0.0,,,,,,,,,,,,0.0
1164,ALIMOV Saidbilol,UZB,,,,,,,,,,,0.0,,,,,,,,,0.0
1166,DONG Haiyi,CAN,,,,,,,0.0,,,,,,,,,,,,,0.0
1166,NOSSOV Oleg,KAZ,,,,,,,,,,,0.0,,,,,,,,,0.0
1168,SALZER Matej,CZE,,,,,,,,,,0.0,,0.0,,,,,,,,0.0
1169,BAE Junho,KOR,,,,,,,,,,,0.0,,,,,,,,,0.0
1169,HUANG Yung Tung,TPE,,,,,,,0.0,,,,,,,,,,,,,0.0
1171,BELSELAH Khalid,UAE,,,,,,,,0.0,,,,,,,,,,,,0.0
1171,CHEN Zeyu Ryan,CAN,,,,,,,0.0,,,,,,,,,,,,,0.0
1173,YERUBAYEV Alibek,KAZ,,,,,,,,,,,0.0,,,,,,,,,0.0
1174,PENKIN Andrey,KAZ,,,,,,,,,,,0.0,,,,,,,,,0.0
1174,RZYCZNIAK Wojciech,POL,,,,,,,,0.0,,,,,,,,,,,,0.0
1176,DOYON-VERDON Gabriel,CAN,,,,,,,0.0,,,,,,,,,,,,,0.0
1176,PURONAS Titas,LTU,,,,,,,,,,,,0.0,,,,,,,,0.0
1178,ALOBEIDLI Mohamed,UAE,,,,,,,,0.0,,,,,,,,,,,,0.0
1179,KALAMINSKAS Jonas,LTU,,,,,,,,,,,,0.0,,,,,,,,0.0
1179,POWRIE Liam,AUS,,,,,,,0.0,,,,,,,,,,,,,0.0
1179,GOULD Samuel,AUS,,,,,,,0.0,,,,,,,,,,,,,0.0
1182,KHALIKOV Murodzhan,TJK,,,,,,,,0.0,,,,,,,,,,,,0.0
1182,GALIK Balazs,HUN,,,,,,,,,,,,0.0,,,,,,,,0.0
1182,SOHIL Sufyan Waheed,IND,,,,,,,,0.0,,,,,,,,,,,,0.0
1182,WANG Zhixing,CAN,,,,,,,0.0,,,,,,,,,,,,,0.0
1186,SALM Juhan,EST,,,,,,,,,,,,,,0.0,,,,,,0.0
1186,DONDISCH Ilan,MEX,,,,,,,0.0,,,,,,,,,,,,,0.0
1188,LIPTON Michael,ISR,,,,,,,0.0,,,,,,,,,,,,,0.0
1189,ALSUWAIDI KHALIFA,UAE,,,,,,,,0.0,,,,,,,,,,,,0.0
1190,MIZRAHI MICHAEL,ISR,,,,,,,,,,0.0,,,,,,,,,,0.0
1191,HUMMEL Rudy,GER,,,,,,,,,,0.0,,,,,,,,,,0.0
1192,FUKUSHIMA Kosei,JPN,,,,,,,,,,,,,,0.0,,,,,,0.0
1193,KLUGHARDT Hubert,POL,,,,,,,,,,,,0.0,,,,,,,,0.0
1194,CALDITO CHAN Caleb,PAN,,,,,,,,,,,,,,0.0,,,,,,0.0
1195,WINGERTER Nolan,FRA,,,,,,,,,,,,,,0.0,,,,,,0.0
1196,KILIC Kaan,TUR,,,,,,,,,,0.0,,,,,,,,,,0.0
1197,GALLI Elia Pietro,BRA,,,,,,,,,,0.0,,,,,,,,,,0.0
1198,SHEUM Bron,SGP,,,,,,,,,,,,,,0.0,,,,,,0.0
1199,PEI Haoran,CHN,,,,,,,,,,,,,,0.0,,,,,,0.0
1200,KOTALA Jan,CZE,,,,,,,,,,0.0,,0.0,,,,,,,,0.0
1201,KUUSK Sebastian,EST,,,,,,,,,,,,0.0,,,,,,,,0.0
1202,ELG Elwin,SWE,,,,,,,,,,0.0,,,,,,,,,,0.0
1203,DOBIASCH Martin,AUT,,,,,,,,,,0.0,,0.0,,0.0,,,,,,0.0
1204,VAGNORIUS Paulius,LTU,,,,,,,,,,,,0.0,,,,,,,,0.0
1205,GOLAB Alexander,CAN,,,,,,,,,,0.0,,0.0,,0.0,,,,,,0.0
1206,RAMOS Pedro,BRA,,,,,,,,,,0.0,,,,,,,,,,0.0
1207,GUNBILEG Todsetsen,MGL,,,,,,,,,,,,0.0,,0.0,,,,,,0.0
1208,LIMAN Bental,ISR,,,,,,,,,,,,,,0.0,,,,,,0.0
1209,KLAUS Robert,CZE,,,,,,,,,,,,0.0,,,,,,,,0.0
1210,GOMEZ NG Juan Jose,PAN,,,,,,,,,,,,,,0.0,,,,,,0.0
1211,KAMINER Leo Rui,ISR,,,,,,,,,,,,0.0,,,,,,,,0.0
1212,OGUT Cinar,TUR,,,,,,,,,,,,0.0,,,,,,,,0.0
1213,BEN AMI Yonatan Michael,ISR,,,,,,,,,,0.0,,,,,,,,,,0.0
1214,GRASBECK Gunnar,FIN,,,,,,,,,,0.0,,,,,,,,,,0.0
1214,LOBO Mauricio,MEX,,,,,,,,,,,,,,0.0,,,,,,0.0
1216,TICKLE Sidney,NZL,,,,,,,,,,,,,,0.0,,,,,,0.0
1217,CHAN Jin Kai,SGP,,,,,,,,,,,,0.0,,,,,,,,0.0
1217,ERGUN Telat Ulas,TUR,,,,,,,,,,,,0.0,,,,,,,,0.0
1219,OLMEZ Adil Doruk Alp,TUR,,,,,,,,,,,,0.0,,,,,,,,0.0
1220,LAI Hin Yeung Darius,HKG,,,,,,,,,,0.0,,,,,,,,,,0.0
1221,LEHTINEN Kasper,FIN,,,,,,,,,,0.0,,,,,,,,,,0.0
1222,ALBINALI Yousef,KSA,,,,,,,,,,,,,,0.0,,,,,,0.0
1223,KOVACKI Milos,AUT,,,,,,,,,,0.0,,,,,,,,,,0.0
1224,ZARA Tibet Toros,TUR,,,,,,,,,,0.0,,,,,,,,,,0.0
1225,BIOLETTI Charles,NZL,,,,,,,,,,0.0,,,,,,,,,,0.0
1225,GHIVOLY Shai,ISR,,,,,,,,,,0.0,,,,,,,,,,0.0
1227,LAU Kwan Chun,HKG,,,,,,,,,,0.0,,,,,,,,,,0.0
1228,FRANK Kilian,CZE,,,,,,,,,,0.0,,,,,,,,,,0.0
