Rank,Name,Nat.,21/09 Belgrade (SA),28/09 Gand (SA),05/10 Genève (SA),12/10 Split (SA),19/10 Dublin (SA),26/10 Barcelone (SA),04/12 Vancouver (A),08/01 Fujairah (A),23/01 Doha (GP),06/02 Wuxi (A),27/03 Astana (A),17/04 Budapest (GP),09/05 Medellín (GP),22/05 St-Maur (A),02/06 Abidjan (CHZ),17/06 Lima (CHZ),18/06 Antony (CHZ),21/06 Delhi (CHZ),22/07 Hong Kong (CHM),Total points
1,SANTUCCIO Alberta,ITA,,,,,,,14.0,26.0,21.0,26.0,20.0,6.0,48.0,32.0,,,12.0,,35.0,200.0
2,MUHARI Eszter,HUN,,,,,,,20.0,2.0,48.0,2.0,14.0,39.0,39.0,4.0,,,30.0,,10.0,200.0
3,SONG Sera,KOR,,,,,,,4.0,14.0,21.0,2.0,32.0,12.0,6.0,8.0,,,,30.0,80.0,197.0
4,LEHIS Katrina,EST,,,,,,,8.0,14.0,6.0,,26.0,48.0,30.0,14.0,,,48.0,,10.0,190.0
5,RIZZI Giulia,ITA,,,,,,,32.0,8.0,3.0,32.0,2.0,3.0,6.0,4.0,,,21.0,,65.0,168.0
6,HUSISIAN Hadley,USA,,,,,,,4.0,20.0,12.0,,4.0,3.0,12.0,26.0,,39.0,,,35.0,148.0
7,CANDASSAMY Marie-Florence,FRA,,,,,,,26.0,32.0,30.0,2.0,2.0,3.0,30.0,4.0,,,6.0,,10.0,138.0
8,LOUIS MARIE Alexandra,FRA,,,,,,,2.0,14.0,39.0,14.0,2.0,3.0,21.0,8.0,,,21.0,,5.0,122.0
9,MAKSYMENKO Anna,UKR,,,,2.0,,,4.0,4.0,30.0,8.0,14.0,12.0,12.0,2.0,,,21.0,,10.0,107.0
10,TANG Junyao,CHN,,,,,,,14.0,4.0,,20.0,1.0,0.75,,0.5,,,,12.0,50.0,101.75
11,NDOLO Alexandra,KEN,,,,,,3.0,2.0,8.0,3.0,,2.0,6.0,12.0,14.0,48.0,,,,5.0,96.0
12,MALLO-BRETON Auriane,FRA,,,,,,,,,,,,30.0,3.0,8.0,,,12.0,,35.0,88.0
13,HSIEH Kaylin Sin Yan,HKG,,,,,,,8.0,8.0,3.0,4.0,8.0,3.0,6.0,8.0,,,,39.0,10.0,87.0
14,LIM Taehee,KOR,,,,,,,20.0,2.0,12.0,4.0,4.0,12.0,6.0,20.0,,,,6.0,10.0,86.0
15,NIXON Catherine,USA,,,,,,,4.0,8.0,12.0,2.0,14.0,3.0,12.0,14.0,,21.0,,,5.0,86.0
16,VAN BRUMMEN Anna,USA,,,,,,,1.0,,12.0,1.0,1.0,,3.0,4.0,,48.0,,,5.0,74.0
17,TERAYAMA Tamaki,JPN,,,,,,,2.0,0.0,0.75,8.0,4.0,1.5,6.0,0.25,,,,30.0,20.0,71.5
18,XIAO Ruien,CAN,,,,,,,4.0,2.0,3.0,,,6.0,6.0,2.0,,30.0,,,20.0,71.0
19,VON KERSSENBROCK Diane,FRA,,,,,,,4.0,0.5,3.0,8.0,20.0,21.0,1.5,4.0,,,12.0,,1.25,70.25
20,EHLER Alexandra,GER,,,,,,,1.0,2.0,1.5,4.0,1.0,1.5,12.0,4.0,,,39.0,,5.0,67.5
21,BRYCH Barbara,POL,,,,3.0,,,1.0,0.5,6.0,1.0,4.0,3.0,,0.25,,,,,50.0,67.0
22,KLASIK Alicja,POL,,,,0.5,,,8.0,0.5,6.0,0.5,4.0,1.5,,4.0,,,30.0,,10.0,63.5
23,YANG Jingwen,CHN,,,,,,,1.0,2.0,,2.0,8.0,6.0,,20.0,,,,21.0,2.5,61.5
24,BAKALDINA Irina,KAZ,,,,,,,,,,,8.0,,,,,,,48.0,5.0,61.0
25,NAGY Blanka Virag,HUN,0.25,,,,,,,1.0,3.0,,,21.0,3.0,0.5,,,12.0,,20.0,60.5
26,OXENREIDER Tierna,USA,,,,,,,2.0,,,,2.0,3.0,21.0,1.0,,21.0,,,10.0,60.0
27,LEE Hyein,KOR,,,,,,,0.5,20.0,,2.0,4.0,3.0,6.0,2.0,,,,21.0,2.5,58.5
28,FIAMINGO Rossella,ITA,,,,,,,2.0,8.0,12.0,20.0,2.0,6.0,3.0,2.0,,,3.0,,5.0,57.0
29,LUTY Aliya,FRA,,,,,,,4.0,4.0,0.75,14.0,0.5,12.0,21.0,2.0,,,,,,55.0
30,YU Sihan,CHN,,,,,,,2.0,4.0,,8.0,8.0,0.75,,2.0,,,,6.0,20.0,50.0
31,CAFORIO Gaia,ITA,,,,,,,0.5,0.5,6.0,1.0,8.0,1.5,12.0,2.0,,,,,20.0,49.5
32,XUAN Nicole,CAN,,,,,,,1.0,,,,,12.0,,0.25,,30.0,,,5.0,48.25
33,TAHE Oceane,CIV,,0.25,1.0,,,1.0,,,3.0,,,0.0,,0.0,39.0,,,,2.5,46.75
34,BUKI Lili,HUN,4.0,,,,,,2.0,1.0,21.0,4.0,2.0,6.0,3.0,2.0,,,6.0,,2.5,46.5
35,LIU Chang,CHN,,,,,,,,14.0,,2.0,2.0,3.0,,0.5,,,,21.0,2.5,45.0
36,BRUNNER Pauline,SUI,,,2.0,,,,8.0,4.0,3.0,2.0,2.0,0.0,3.0,2.0,,,3.0,,20.0,43.0
37,RUSTAMOVA Anastasiia,RUS,,,,,,,,,,,,3.0,,2.0,,,3.0,,35.0,43.0
38,PROSINA Sofija,LAT,,,,,,0.5,,,,,,30.0,,0.25,,,12.0,,,42.75
39,NABETH Camille,FRA,,,,,,,8.0,1.0,12.0,4.0,0.0,6.0,12.0,0.5,,,,,,42.0
40,JASZ-BORSODY Emma,HUN,1.0,,,,,,1.0,0.25,12.0,0.5,0.25,12.0,,1.0,,,12.0,,2.5,41.5
41,SERSOT Jade,FRA,,,,,,,0.0,1.0,12.0,14.0,2.0,3.0,6.0,2.0,,,,,,37.0
42,YASINSKAYA Kristina,RUS,,,,,,,2.0,0.25,3.0,2.0,0.5,6.0,,2.0,,,12.0,,10.0,37.0
43,HESS SANCHO Gala,GER,,2.0,,,,,2.0,2.0,1.5,,0.25,0.375,3.0,0.25,,,6.0,,20.0,36.5
44,KISHIMOTO Rin,JPN,,,,,,,0.5,0.5,3.0,0.5,0.5,0.75,,0.25,,,,21.0,10.0,36.25
45,CONRAD Emily,UKR,,,1.0,0.5,,,14.0,0.5,3.0,,0.5,6.0,,,,,,,10.0,34.5
46,FAVRE Aurore,SUI,,,0.25,,,,2.0,2.0,3.0,1.0,4.0,6.0,3.0,0.25,,,6.0,,10.0,34.0
47,EHAB Nardin,EGY,,,,,,,,0.25,,,,,,,30.0,,,,2.5,32.75
48,DI TELLA Isabel,ARG,,,,,,,,,,,0.25,3.0,3.0,0.5,,21.0,,,5.0,32.75
49,HATZ Fiona,SUI,,,0.5,,,,1.0,0.5,3.0,14.0,1.0,1.5,6.0,0.5,,,6.0,,1.25,32.75
50,YIN Julia,CAN,,,,,,,2.0,,,,,,,8.0,,12.0,,,10.0,32.0
51,MUELLER Fiona,GER,,0.5,,,,,,0.0,,1.0,4.0,0.0,,0.5,,,6.0,,20.0,32.0
52,YOSHIMURA Miho,JPN,,,,,0.25,0.25,0.5,0.0,1.5,0.0,0.0,12.0,3.0,0.25,,,,12.0,2.5,31.75
53,YANG Seunghye,KOR,,,,,,,0.5,1.0,6.0,4.0,8.0,0.75,1.5,0.25,,,,6.0,5.0,31.5
54,SOLIMAN Loulwa,EGY,,,,,,,,0.5,,,,,,,30.0,,,,0.0,30.5
55,BROVKO Inna,UKR,,,,,,,2.0,0.0,,4.0,8.0,6.0,,2.0,,,6.0,,2.5,30.5
56,ASIS Lizzie,VEN,,,,,,0.0,,,,,0.25,,21.0,0.25,,6.0,,,2.5,30.0
57,MARZANI Roberta,ITA,,,,,,,2.0,0.0,6.0,8.0,8.0,6.0,1.5,2.0,,,,,,30.0
58,KOH Elle Meihui,SGP,,,,,,,2.0,2.0,6.0,0.5,,,,8.0,,,,6.0,5.0,29.5
59,LI Shanshan,CHN,,,,,,,,4.0,,2.0,0.25,21.0,,2.0,,,,,,29.25
60,PINYOL TOMAS Daniela,ESP,,,,,,0.5,,0.25,,,,,,2.0,,,21.0,,5.0,28.75
61,PAWLOWSKA Magdalena,POL,,,,0.25,,,4.0,4.0,,0.5,1.0,0.375,,2.0,,,6.0,,10.0,27.5
62,REMBI Lauren,FRA,,,,,,,2.0,2.0,21.0,2.0,,,,,,,,,,27.0
63,KOWALCZYK Sara Maria,ITA,,,,,,,2.0,2.0,6.0,8.0,2.0,3.0,3.0,4.0,,,3.0,,,27.0
64,VANRYSSEL Eloise,FRA,,,,,,,4.0,8.0,6.0,2.0,1.0,3.0,6.0,2.0,,,,,,27.0
65,BOUKHELIFA Charline,ALG,,,,,,,,,,,,0.375,,0.25,21.0,,,,5.0,26.625
66,EMBRICH Irina,EST,,,,1.0,,4.0,2.0,2.0,3.0,,4.0,3.0,,4.0,,,3.0,,5.0,26.0
67,TRADITI Gaia,ITA,,,0.5,,,,,,6.0,1.0,0.5,1.5,3.0,14.0,,,,,,25.5
68,FAVRE Angeline,SUI,,,,,,,,,3.0,,,21.0,,1.0,,,,,,25.0
69,BEKMURZOVA Iana,RUS,,,,,,,1.0,0.5,6.0,0.5,0.5,12.0,,0.25,,,,,5.0,25.0
70,BELJAJEVA Julia,EST,,,,4.0,,2.0,2.0,2.0,,,4.0,0.375,,4.0,,,6.0,,2.5,24.5
71,ZGRYZNIAK Kinga,POL,,,,0.5,,,8.0,0.5,1.5,4.0,4.0,0.0,,1.0,,,6.0,,,24.5
72,FRANSSON Emma,SWE,,,,0.25,,,2.0,4.0,3.0,4.0,2.0,1.5,3.0,2.0,,,3.0,,5.0,24.0
73,CHU Ka Mong,HKG,,,,,,,2.0,1.0,0.0,2.0,0.25,0.375,1.5,0.25,,,,12.0,5.0,23.875
74,TEJEDA Frania,MEX,,,,,,,0.0,,,,,,,,,21.0,,,2.5,23.5
75,ERTURK Aleyna,TUR,,,0.0,,,,0.25,,3.0,,14.0,0.375,1.5,,,,3.0,,1.25,23.375
76,BAVUGE KHABIMANA Milen,RUS,,,,,,,14.0,0.25,3.0,0.5,4.0,1.5,,0.5,,,0.0,,,23.0
77,BOZZA Alessandra,ITA,,,,,,,0.5,1.0,3.0,4.0,,6.0,6.0,4.0,,,,,,23.0
78,EL KORD Camilia,MAR,,,,,,,,,,,,,,0.25,21.0,,,,1.25,22.5
79,MURZATAEVA Dilnaz,UZB,,,,,,,,1.0,0.75,2.0,1.0,,,,,,,12.0,5.0,21.75
80,LARBI BOUAOUINA Rayhana,ALG,,,,,,,,,,,,0.0,,0.0,21.0,,,,0.625,21.625
81,MAHFOUZ Farah,EGY,,,,,,,,0.0,,,,,,0.0,21.0,,,,0.0,21.0
82,SONT Emma,ROU,,,,,,,8.0,,,,,3.0,,2.0,,,3.0,,5.0,21.0
83,NIKOLAICHUK Sofiya,KAZ,,,,,,,0.0,0.5,1.5,0.5,0.25,0.75,,0.25,,,,12.0,5.0,20.5
84,DMYTRUK Alina,UKR,,,,0.0,,,0.5,8.0,3.0,2.0,2.0,3.0,,0.25,,,,,2.5,20.5
85,EGAMBERDIEVA Shakhzoda,UZB,,,,,,,,2.0,3.0,0.5,0.5,0.75,,1.0,,,,12.0,1.25,20.5
86,KRYVYTSKA Olena,UKR,,,,,,,4.0,4.0,1.5,4.0,1.0,0.0,,0.5,,,6.0,,,20.5
87,VERRET Alexanne,CAN,,,,,,,0.5,,,2.0,,1.5,6.0,2.0,,6.0,,,2.5,20.5
88,VIVEROS Montserrat,PAR,,,,,,,,,,,,,3.0,,,12.0,,,5.0,20.0
89,ZITTEL Alexandra,GER,,,0.0,,,,0.25,,0.75,1.0,2.0,0.375,0.75,2.0,,,12.0,,1.25,19.75
90,KHAKIMOVA Malika,UZB,,,,,,,,0.5,3.0,1.0,1.0,0.75,,0.5,,,,12.0,1.25,19.5
91,BOTVINNIK Yana,ISR,,,,,,,1.0,0.25,,4.0,2.0,,6.0,2.0,,,3.0,,1.25,19.25
92,VANDINGENEN Aube,BEL,2.0,0.5,,,4.0,,4.0,0.25,0.75,1.0,1.0,3.0,1.5,2.0,,,3.0,,0.625,18.625
93,ISOLA Federica,ITA,,,,1.0,,,2.0,4.0,1.5,8.0,1.0,0.75,3.0,0.25,,,,,,18.5
94,CHAN Wai Ling,HKG,,,,,,,1.0,1.0,1.5,1.0,4.0,0.375,1.5,2.0,,,,6.0,2.5,18.5
95,HUNG Li-Hsiang,TPE,,,,,,,,0.25,,,1.0,,,,,,,12.0,5.0,18.25
96,KRIEGER Angela,SUI,,,4.0,,,,0.5,2.0,0.75,1.0,2.0,3.0,1.5,1.0,,,3.0,,2.5,18.0
97,MACHULSKY Leehi,USA,,,,,,,0.5,2.0,1.5,,2.0,0.375,12.0,0.5,,,,,,18.0
98,ABDUL RAHMAN Kiria Tikanah,SGP,,,,,,,1.0,2.0,0.375,4.0,,,,1.0,,,,6.0,2.5,16.875
99,WU Haidi,HKG,,,,,,,0.0,0.5,,0.0,,,,,,,,6.0,10.0,16.5
100,ELMER Luise,AUT,,,,0.5,,0.0,1.0,0.0,1.5,,2.0,0.375,,0.0,,,6.0,,5.0,16.375
101,DEKANY Kinga,HUN,0.0,,,,,,0.0,2.0,6.0,4.0,4.0,0.375,,0.25,,,,,,16.375
102,NO Sungyoun,JPN,,,,,,,1.0,,1.5,0.0,,0.375,3.0,2.0,,,,6.0,2.5,16.375
103,KARDOS Edina,HUN,1.0,,,,,,0.25,,6.0,8.0,0.25,0.0,,1.0,,,,,,16.25
104,GNAM Tamara,HUN,3.0,0.25,,0.0,,,1.0,8.0,0.75,1.0,1.0,3.0,,0.25,,,,,,16.0
105,LIPTHAY Hanna,HUN,2.0,,,,,,,0.0,,,,6.0,,8.0,,,,,,16.0
106,SHEMYAKINA Yana,UKR,,,,0.5,,,,,6.0,4.0,2.0,0.375,,0.5,,,3.0,,,16.0
107,MARTENSSON Elvira,SWE,,,,0.25,,,4.0,4.0,,,0.25,1.5,,,,,6.0,,,16.0
108,MURTAZAEVA Aizanat,RUS,,,,,,,4.0,4.0,,,,1.5,,1.0,,,3.0,,2.5,16.0
109,DOIG CALDERON Maria Luisa,PER,,,,,,,2.0,,,,,3.0,1.5,1.0,,6.0,,,2.5,16.0
110,KHATRI Taniksha,IND,,,,,,,0.0,1.0,3.0,,0.5,,,0.5,,,,6.0,5.0,16.0
111,RAKHIMOVA Sevara,UZB,,,,,,,,0.25,1.5,2.0,1.0,0.75,,4.0,,,,6.0,,15.25
112,CHOI Injeong,KOR,,,,,,,8.0,,,,,3.0,,4.0,,,,,,15.0
113,HECHT Dar,ISR,,,,,,,1.0,1.0,,,0.5,3.0,,4.0,,,3.0,,2.5,15.0
114,KLUGHARDT Gloria,POL,,,,,,,1.0,0.5,,2.0,0.5,0.75,,8.0,,,0.0,,2.5,14.75
115,FERNANDEZ Analia,CHI,,,,0.5,0.5,0.0,,,,,1.0,,,0.5,,12.0,,,,14.5
116,HUSSEIN Aya,EGY,,,,,,,,1.0,,,,,,,12.0,,,,1.25,14.25
117,RAMIREZ PEGUERO Violeta,DOM,,,,,,,,,,,,,1.5,0.0,,12.0,,,0.625,14.125
118,PAULIS Lucrezia,ITA,,,,,,,1.0,2.0,1.5,4.0,1.0,3.0,3.0,2.0,,,,,,14.0
119,OLSSON Liv,SWE,0.0,,,1.0,,,2.0,,,,,0.375,,0.5,,,,,10.0,13.875
120,VIZEU Victoria,BRA,,,,,1.0,0.0,,,0.75,,,3.0,1.5,0.25,,6.0,,,1.25,13.75
121,CORREIA Laura,BRA,,,,,,,,,,,,,1.5,,,12.0,,,,13.5
122,AICARDI GONZALEZ Alessandra Valeri,PAN,,,,,,,,,,,,,,,,12.0,,,1.25,13.25
123,LOHAN Prachi,IND,,,0.0,0.25,,,,,1.5,,0.0,0.0,,0.25,,,,6.0,5.0,13.0
124,RAPOSO Dana,ESP,,,,,,0.25,,1.0,,1.0,2.0,0.75,,0.25,,,3.0,,5.0,13.0
125,MACCAGNO Carola,ITA,,,,,,,1.0,4.0,3.0,1.0,2.0,0.375,3.0,1.0,,,,,,13.0
126,GUIMARAES Maria Carolina,BRA,,0.0,,,,,,,,,,,0.75,0.0,,12.0,,,,12.75
127,BIELESZOVA Veronika,CZE,,,,,,,0.25,2.0,,,1.0,0.75,0.0,0.5,,,3.0,,5.0,12.5
128,ROGER Maenel,MAR,,,,,,,,,,,,,,0.0,12.0,,,,,12.0
129,YANTOLO Phumza,RSA,,,,,,,,,,,,,,,12.0,,,,,12.0
130,IDONGESIT Sara,NGR,,,,,,,,,,,,,,,12.0,,,,,12.0
131,LANCASTER Alexandra,RSA,,,,,,,,,,,,,,,12.0,,,,0.0,12.0
132,DOUCI-HABANE Soha,MAR,,,,,,,0.0,,,,,,,0.0,12.0,,,,,12.0
133,ZEBBOUDJ Yousra,ALG,,,,,,,,,,,,0.0,,,12.0,,,,0.0,12.0
134,MENDEZ BELLO Josefina Maria,ARG,,,,,,,,,,,,,,,,12.0,,,,12.0
135,YANTOLO Phakama,RSA,,,,,,,,,,,,,,,12.0,,,,,12.0
136,CORREA SANTA Carmen Andrea,COL,,,0.0,,,0.25,,,,,,,3.0,0.25,,6.0,,,2.5,12.0
137,MURIDOVA Tamila,GEO,,,,,,,,,,,2.0,1.5,,0.25,,,3.0,,5.0,11.75
138,ANDREYEVA Vladislava,KAZ,,,,,,,,0.5,0.0,1.0,0.25,0.375,,1.0,,,,6.0,2.5,11.625
139,GOMEZ LOPEZ Silvia,ESP,,,,,,0.25,,2.0,,,0.25,0.75,,0.25,,,3.0,,5.0,11.5
140,FALLON Kyle,USA,,,,,,,0.0,0.25,1.5,,2.0,1.5,6.0,0.5,,,,,,11.5
141,PARK Sohyeong,KOR,,,,,,,1.0,2.0,3.0,1.0,2.0,1.5,3.0,1.0,,,,,,11.5
142,ALVIM Maria,POR,,,,,,0.25,,,1.5,,,3.0,,1.0,,,3.0,,2.5,11.25
143,DYNER Karina,CRC,,,,,,,0.25,,0.75,,,0.375,3.0,,,6.0,,,0.625,11.0
144,FRANCILLONNE Oceane,FRA,,,,,,,1.0,1.0,3.0,2.0,2.0,3.0,,1.0,,,,,,11.0
145,POSADA Betyumil,VEN,,,,,,,,,,,0.0,,3.0,0.25,,6.0,,,1.25,10.5
146,SHI Yuexin,CHN,,,,,,,2.0,4.0,,2.0,2.0,,,0.25,,,,,,10.25
147,FEYGIN Nicole,ISR,,,,,,,2.0,2.0,,,0.5,,,0.25,,,3.0,,2.5,10.25
148,LUGO Eliana,VEN,,,,,,0.25,,,,,,,3.0,0.25,,6.0,,,0.625,10.125
149,LIU Charlene Kai Yan,USA,,,,,,,,4.0,,,2.0,0.375,3.0,0.5,,,,,,9.875
150,THEODOROPOULOU Andriana,GRE,,,0.0,,,,,,,,,0.375,,1.0,,,6.0,,2.5,9.875
151,ERIKSSON Linnea,SWE,,,,1.0,,,,2.0,,0.0,1.0,1.5,,0.0,,,3.0,,1.25,9.75
152,KORFONTA Jolie,USA,,,,,,,,,6.0,,,1.5,1.5,0.5,,,,,,9.5
153,GILARSKI Genevieve,AUS,,,,,,,,0.25,0.75,,,,,0.0,,,,6.0,2.5,9.5
154,TAN Esther,SGP,,,,,,,0.5,1.0,0.0,,0.5,,,0.0,,,,6.0,1.25,9.25
155,GARCIA RODRIGUEZ Ines,ESP,,,,,,0.0,,2.0,,1.0,1.0,1.5,,1.0,,,1.5,,1.25,9.25
156,LEHTONEN Suvi,FIN,,,,,0.25,0.0,,0.25,,,,0.375,,0.25,,,3.0,,5.0,9.125
157,BURKHARD Isabelle,SUI,,,0.0,,,,0.0,,,1.0,0.5,1.5,6.0,0.0,,,,,,9.0
158,CARON Julia,FRA,,,,,,,0.5,1.0,,,0.5,0.375,6.0,1.0,,,,,,9.0
159,KETKAR Ketki,USA,,,,,,,4.0,0.25,3.0,,,1.5,,,,,,,,8.75
160,EMERY Solene,SUI,,,0.0,,,,4.0,0.0,0.0,,4.0,0.75,,,,,,,,8.75
161,CIESLIK Cecylia,POL,,,,0.0,,,0.5,2.0,,1.0,4.0,0.75,,1.0,,,,,,8.75
162,ZUIKOVA Veronika,EST,,,,,,,,,,,,0.75,,0.0,,,3.0,,5.0,8.75
163,PARK Jinjoo,KOR,,,,,,,0.0,1.0,3.0,2.0,1.0,0.0,1.5,1.0,,,,,,8.5
164,MO Wanlin,CHN,,,,,,,2.0,4.0,,0.5,1.0,0.75,,0.0,,,,,,8.25
165,SICA Susan Maria,GBR,,,,,,,,,0.0,,,0.75,,0.25,,,6.0,,1.25,8.25
166,SAMODELKINA Daria,KAZ,,,,,,,,,,1.0,,,,,,,,6.0,1.25,8.25
167,SUZUKI Honami,JPN,,,,,,,0.0,1.0,3.0,0.5,2.0,0.75,1.5,0.25,,,,,,8.25
168,CAGNIN Beatrice,ITA,,,,,2.0,,4.0,0.5,,,,1.5,,,,,,,,8.0
169,VASQUEZ Paula,CHI,,,,0.0,0.25,0.0,,,,,0.25,,1.5,0.0,,6.0,,,0.0,8.0
170,ROZSAS Julia,HUN,0.25,,,,,,,,6.0,,,1.5,,0.25,,,,,,8.0
171,MROSZCZAK Anna,POL,,0.25,0.0,,,,0.5,,,,0.25,6.0,,1.0,,,,,,8.0
172,JANELLI Zofia,POL,,,,0.25,,,0.0,1.0,0.75,2.0,0.5,3.0,,1.0,,,,,,7.75
173,CHEVAUX Lena,AUT,0.0,1.0,,,3.0,0.5,0.25,1.0,0.75,,1.0,0.375,1.5,0.25,,,0.0,,0.0,7.5
174,BENEA Bianca,ROU,1.0,,,0.5,,,1.0,,,,,1.5,,0.5,,,3.0,,,7.5
175,SALAZAR ALDANA Susana,COL,,,,,,,,,,,,,1.5,,,6.0,,,,7.5
176,LIN Yik Hei Coco,HKG,,0.5,,,,,0.5,1.0,0.75,2.0,0.25,0.0,3.0,0.25,,,,,,7.25
177,MIN Ji Won,KOR,,,,,,,0.0,0.0,3.0,0.25,1.0,0.0,3.0,0.0,,,,,,7.25
178,HORVATH Lotti,HUN,,,,,,,,,,,,6.0,,1.0,,,,,,7.0
179,FARIAS Clarismar,VEN,,,,,,2.0,,,,,,1.5,1.5,0.5,,,,,1.25,6.75
180,BULTYNCK Anne,BEL,,0.5,,,0.25,,,0.25,0.75,,0.0,0.75,,0.25,,,3.0,,1.25,6.75
181,WU Mia,TPE,,,0.25,,0.5,,,,,,,0.375,,,,,,3.0,2.5,6.625
182,WETZKER Laura Katalin,GER,,3.0,,,,,1.0,1.0,1.5,0.0,0.0,,,,,,,,,6.5
183,KHAERTDINOVA Polina,RUS,,,,,,,,0.5,1.5,2.0,0.5,0.0,,2.0,,,,,,6.5
184,CIFUENTES Ignacia,CHI,,,,,,,,,,,0.25,,0.0,,,6.0,,,,6.25
185,FRINDT Marianne,CHI,,,,,,,,,,,,,0.0,0.25,,6.0,,,,6.25
186,ROMEO Virginia,SUI,,,0.0,,,,0.5,0.5,0.75,0.5,0.0,1.5,3.0,0.25,,,,,,6.25
187,BABA Haruna,JPN,,,,,,,1.0,0.25,0.75,1.0,0.5,0.375,3.0,0.25,,,,,,6.25
188,MC CABE Sacha,RSA,,,,,,,,,,,,,,,6.0,,,,,6.0
189,TALEB Ines El Batoul,ALG,,,,,,,,,,,,,,,6.0,,,,,6.0
190,ELLIS Marwa,MAR,,,,,,,0.0,,,,,,0.0,,6.0,,,,0.0,6.0
191,SABALY Aminata,SEN,,,,,,,,,,,,,,,6.0,,,,,6.0
192,GNINGUE Diarrietou Lahi,SEN,,,,,,,,,,,,,,,6.0,,,,,6.0
193,MODISE Aobakwe,BOT,,,,,,,,,,,,,,,6.0,,,,0.0,6.0
194,UWIHOREYE Tufaha,RWA,,,,,,,,,,,,,,,6.0,,,,,6.0
194,LINARES Helena,HON,,,,,,,,,,,,,,,,6.0,,,,6.0
196,PEPOUERE NAOMI MONICA,CIV,,,,,,,,,,,,,,,6.0,,,,,6.0
197,SULEN BURGOS Priscila Genoveva,ECU,,,,,0.0,,,,,,,,,,,6.0,,,,6.0
198,BUNGSY Dosha,MRI,,,,,,,,,,,,,,,6.0,,,,0.0,6.0
199,THOMAS Adebodunirin,NGR,,,,,,,,,,,,,,,6.0,,,,,6.0
200,PAREDES Ana Margarita,MEX,,,,,,,,,,,,,0.0,,,6.0,,,,6.0
201,MASSALY Oumoul Khairy,SEN,,,,,,,,,,,,,,,6.0,,,,,6.0
202,TSURSKAYA Aliaksandra,BLR,,,,,,,,0.0,0.0,,,,,,,,6.0,,,6.0
203,KIM Nakyeong,KOR,,,,,,,2.0,,,,,,,4.0,,,,,,6.0
204,GOH Bee Hooi,MAS,,,,,,,,0.0,0.0,,,,,0.0,,,,6.0,0.0,6.0
205,YANEZ Maria Paz,PER,,,,,,,,,,,,,,,,6.0,,,,6.0
206,XU Nuo,CHN,,,,,,,,,,1.0,1.0,3.0,,1.0,,,,,,6.0
207,GUZZI VINCENTI Margherita,USA,,,,,,,,,,,2.0,,3.0,1.0,,,,,,6.0
208,PARMESANI Francesca,SLO,,,0.0,0.0,,,,,,,,1.5,,0.25,,,3.0,,1.25,6.0
209,LEE Regina,USA,,,,,,,1.0,2.0,,,1.0,,1.5,0.5,,,,,,6.0
210,SAITO Hana,JPN,,,,,,,1.0,0.5,0.375,1.0,0.0,0.375,3.0,0.25,,,,,,5.875
211,CONSTANTIN Natalia,ROU,,,,,,,0.5,,,,,,,0.25,,,0.0,,5.0,5.75
212,GZYUNOVA Anna,RUS,,,,,,,,1.0,3.0,0.5,0.5,0.75,,0.5,,,,,,5.75
213,ULLTJARN Louise,SWE,,,,2.0,,,0.5,0.5,,,1.0,0.375,,0.25,,,0.0,,1.25,5.625
214,PREDESCU Alexandra,ROU,,,,,,,2.0,,,,,0.375,,0.25,,,3.0,,,5.625
215,NARITA Ruka,JPN,,,,,,,0.25,1.0,0.75,2.0,0.25,0.375,1.5,0.25,,,,,,5.625
216,JAAKKOLA Outi,FIN,,,,,,,,0.5,0.0,,0.0,0.75,,0.25,,,1.5,,2.5,5.5
217,GOLDMANN Lara,GER,,0.25,,,,,1.0,,1.5,0.5,2.0,0.375,,0.0,,,,,,5.375
218,PIRKOWSKI Amanda,USA,,,,,,,0.0,2.0,1.5,1.0,,0.375,,0.25,,,,,,5.125
219,MACKINNON Leonora,CAN,,4.0,,,1.0,,0.0,,,,,,,,,,,,,5.0
220,CLERICI Alice,ITA,,,3.0,,,,,,,0.0,2.0,,,,,,,,,5.0
221,LAWSON Danielle,GBR,,0.0,,,0.5,,,,,,,1.5,,0.0,,,3.0,,,5.0
222,SAYAGUES PARIS Isabella,CRC,,,,,,,0.0,,,,,,0.75,,,3.0,,,1.25,5.0
223,YANG Lei,CHN,,,,,,,,2.0,,1.0,0.5,0.375,,1.0,,,,,,4.875
224,DOQUET Anaelle,FRA,,,0.5,,,,0.25,1.0,0.75,1.0,0.0,,1.5,0.25,,,,,,4.75
225,MARTINEZ Maria,VEN,,,,,,,,,,,0.0,,1.5,0.25,,3.0,,,,4.75
226,PASHARNEVA Katsiaryna,BLR,,,,,,,,1.0,0.75,,,,,,,,3.0,,,4.75
227,FOIETTA Nicol,ITA,,,,,,,0.0,0.0,1.5,,0.25,,3.0,,,,,,,4.75
228,CHATZISARANTOU Nikoletta,GRE,,,0.0,,,,,,,,,0.375,,0.25,,,1.5,,2.5,4.625
229,VERGNES Anna,LTU,,2.0,,,2.0,0.0,,,,,0.5,0.0,,,,,,,,4.5
230,TERCJAK Oliwia,POL,,,,0.25,,,0.5,0.25,,0.0,0.25,1.5,,2.0,,,,,,4.5
231,TEJEDA Sheila Liliana,MEX,,,,,,,0.25,,,,,,,,,3.0,,,1.25,4.5
232,SALAMON Reka,HUN,0.5,,,0.0,,,,2.0,1.5,,,0.375,,,,,,,,4.375
233,CONRAD Alice,FRA,,0.25,,,,,,,1.5,0.5,1.0,0.0,,1.0,,,,,,4.25
234,OCEGUEDA VELASCO Barbara Columba,MEX,,,,,,,,,,,,,,,,3.0,,,1.25,4.25
235,GOMEZ Juliana Ma. Beatrice,PHI,,,,,,,0.0,,,,,,,,,,,3.0,1.25,4.25
236,TSENG Hsiu-Hui,TPE,,,,,,,,,,,,,,,,,,3.0,1.25,4.25
237,SANGNGIO Natpapat,THA,,,,,,,,,,,,,,,,,,3.0,1.25,4.25
238,JARAMILLO QUEVEDO Maria De Los Angeles,COL,,,,,,,,,,,,,1.5,0.25,,0.0,,,2.5,4.25
239,CHIN Isabella,USA,,,,,,,2.0,,0.75,,0.0,1.5,0.0,,,,,,,4.25
240,MASALO Olivija,LTU,,,,0.0,,0.0,,,,,0.25,1.5,,0.25,,,1.5,,0.625,4.125
241,DOUBOVA Dominika,CZE,,,,,,,0.25,0.0,0.75,,,0.375,,0.0,,,1.5,,1.25,4.125
242,PAULIS Giulia,ITA,,,,,,,,,,,,,,4.0,,,,,,4.0
243,GONZALEZ RODRIGUEZ Isabella,COL,,,0.0,,,0.0,,,,,,,0.75,0.25,,3.0,,,0.0,4.0
244,VUORINEN Anna,FIN,,,,,,,,2.0,0.0,,0.25,0.0,,0.25,,,1.5,,0.0,4.0
245,TARASOVA Ekaterina,RUS,,,,,,,,1.0,0.75,1.0,0.5,0.75,,0.25,,,,,,4.0
246,GUERRERO HIDALGO Victoria,VEN,,,,,,0.5,,,,,,0.375,3.0,0.0,,,,,,3.875
247,HARRISON Ashley Mae Michelle,AUS,,,,,,,,,,,,0.0,,0.25,,,,3.0,0.625,3.875
248,YEE Amelie,AUS,,,,,,,0.0,0.0,0.75,0.0,,,,,,,,3.0,0.0,3.75
249,ZHENG Evelyn,CAN,,0.5,0.0,0.25,1.0,0.0,0.0,,,,,0.375,1.5,0.0,,,,,,3.625
250,GRIJAK Jana,SRB,0.0,,,0.25,,,,,,,,0.375,,,,,3.0,,,3.625
251,DINOY Ivy Claire,PHI,,,,,,,,,,,,,,,,,,3.0,0.625,3.625
252,ABELLA Hanniel,PHI,,,,,,,,0.0,,,,,,,,,,3.0,0.625,3.625
253,HAYER Yashkeerat Kaur,IND,,,,,,,,,,,,,,,,,,3.0,0.625,3.625
254,THIANKUL Mooktapa,THA,,,,,,,,,,,,,,,,,,3.0,0.625,3.625
255,CHAUDHARI MITVA JESANGBHAI,IND,,,,,,,,0.5,,,,,,0.0,,,,3.0,0.0,3.5
256,MBIIM Solene,FRA,,,,,,,1.0,2.0,,,,,,0.5,,,,,,3.5
257,LAUVRAY Emma,FRA,,,0.25,,,0.0,,,1.5,0.0,1.0,0.375,,0.25,,,,,,3.375
258,GACHALYI Greta,HUN,,,,,,,,2.0,0.0,,,0.375,,1.0,,,,,,3.375
259,NAGAI Anna,JPN,,,,,,,0.0,0.25,0.75,0.0,0.5,0.375,1.5,0.0,,,,,,3.375
260,POWELL Alexandra,GBR,,,,0.25,,,,,,,,,,,,,3.0,,,3.25
261,AYTEKIN Cagla,GER,,,,,,,,,3.0,,,,,0.25,,,,,,3.25
262,TOBY Natalia,USA,,,,,,,0.5,0.0,0.75,2.0,,,,,,,,,,3.25
263,PEAT Sophie,GBR,,,0.25,,,,,,,,,0.375,,1.0,,,1.5,,,3.125
264,LOZANO Candela,ESP,,,,,,0.5,,0.5,,,,1.5,,0.5,,,,,,3.0
265,MOLINA CERON Krissya Marlieth,ESA,,,,,,,,,,,,,,,,3.0,,,,3.0
266,TRAN Thi Thuy Trinh,VIE,,,,,,,,,,,,,,,,,,3.0,0.0,3.0
267,CHANG Caitlin,JAM,,,,,,,,,,,,,,,,3.0,,,,3.0
268,JURADO SALAZAR Daniela,CRC,,,,,,,,,,,,,0.0,,,3.0,,,,3.0
269,PANTELYEYEVA Kseniya,UKR,,,,0.0,,,,,,,,3.0,,,,,,,,3.0
270,MUESES Elsa,DOM,,,,,,,0.0,,,,,,0.0,,,3.0,,,,3.0
271,KHARKOVA Vlada,UKR,,,,,,,,,,,,3.0,,,,,,,,3.0
271,BATSAIKHAN Amarzaya,MGL,,,,,,,,,,,,,,,,,,3.0,,3.0
273,NAHAPETYAN Datev,ARG,,,,,,,,,,,,,,0.0,,3.0,,,,3.0
274,WANDMACHER Angela Yailen,DOM,,,,,,,,,,,,0.0,,,,3.0,,,,3.0
275,PUENGKUNTOD Pornchita,THA,,,,,,,,,,,,,,,,,,3.0,0.0,3.0
276,EGLEZ Victoria,ARG,,,,,,,,,,,,,,,,3.0,,,,3.0
277,NAVARRO VASQUEZ María,PAN,,,,,,,,,,,,,,,,3.0,,,,3.0
278,RICE Imogen,AUS,,,,,,,,0.0,0.0,0.0,,,,,,,,3.0,,3.0
279,WILLIAMS Claudine,JAM,,,,,,,,,,,,,,,,3.0,,,,3.0
280,MARTINELLI LEZCANO Valeria,PAN,,,,,,,,,,,,,,,,3.0,,,,3.0
280,ARAZOVA Nabat,TKM,,,,,,,,,,,,,,,,,,3.0,,3.0
282,CEDREZ NOBLE Ariana Belen,URU,,,,,,,,,,,,,,,,3.0,,,0.0,3.0
283,REZAEI TADI Reihaneh,IRI,,,,,,,,0.0,,,,,,,,,,3.0,,3.0
284,BENEDITO Maria Ailed,PAN,,,,,,,,,,,,,,,,3.0,,,,3.0
285,NGUYEN Thanh Van,VIE,,,,,,,,,,,0.0,,,,,,,3.0,,3.0
286,LARRAZABAL Alexa,PHI,,,,,,,,,,,,,,,,,,3.0,0.0,3.0
287,KLAIDUANG Chanyanuch,THA,,,,,,,,,,,,,,,,,,3.0,0.0,3.0
288,MOIDUNOVA NADIIA,KGZ,,,,,,,,,,,,,,,,,,3.0,,3.0
289,ALREFAE Fawzia,KUW,,,,,,,,0.0,0.0,,,,,,,,,3.0,0.0,3.0
290,BAJORUNAITE-STAUSKE Paulina,LTU,,,,,,,,,,,,,,,,,3.0,,,3.0
291,HUBER Pia,AUT,,,,,0.5,,0.0,0.25,0.0,,0.25,0.375,1.5,0.25,,,,,,2.875
292,KOROTETSKA Kateryna,UKR,,,0.0,0.0,,0.0,,0.5,,,2.0,0.375,,0.0,,,,,,2.875
293,PRAXMARER Leonore,AUT,0.25,1.0,,,0.25,0.0,0.25,0.25,,,0.5,0.0,0.75,0.25,,,,,,2.75
294,LIANG Xinyi,CHN,,,,,,,,,,2.0,0.5,,,0.25,,,,,,2.75
295,JORGENSEN Laeticia,DEN,,,0.0,,,,,0.0,,,0.0,0.0,,,,,1.5,,1.25,2.75
296,FARLAM Reya,GBR,,,,,,,,,,,,,1.5,,,,,,1.25,2.75
297,LEE Sinhee,KOR,,,,,,,,1.0,1.5,0.25,,,,,,,,,,2.75
298,IZZO Iulia,SUI,,,0.0,,,,,,0.75,0.0,0.5,0.375,0.75,0.25,,,,,,2.625
299,KIM Hyangeun,KOR,,,,,,,1.0,,,,,1.5,,,,,,,,2.5
300,ILIUSHCHENKO Anastasiia,RUS,,,,,,,,,,2.0,,0.375,,,,,,,,2.375
301,ANTWI Anna,CZE,,,,,,,0.25,,,,0.0,0.375,,0.25,,,1.5,,,2.375
302,KRAVETS Alexandra,ISR,,,,,,,2.0,,,,,,,0.25,,,,,,2.25
303,YIZHAKI Yuval,ISR,,,,,,,1.0,1.0,,,0.25,,,0.0,,,,,,2.25
304,COUFALOVA Natalie,CZE,,,,,,,,,,,,0.75,,,,,1.5,,,2.25
305,CAFASSO Natalya,USA,,,,,,,,,,,,1.5,0.75,,,,,,,2.25
306,HILLE-DAHL Thale,NOR,,0.5,0.0,,0.25,,,,,,,0.375,,1.0,,,0.0,,,2.125
307,LOEHR Lisa-Marie,GER,,0.0,,,,,0.0,,0.75,0.5,0.5,0.375,,,,,,,,2.125
308,LIN Jessica,USA,,,,,,,0.25,,1.5,,0.0,0.375,,,,,,,,2.125
309,FERRACUTI Elena,ITA,,,2.0,,,,,,,,,,,,,,,,,2.0
310,ZENS Anna,LUX,,1.0,0.5,,0.5,0.0,,,,,,0.0,,0.0,,,,,,2.0
311,CHEN Chen,CHN,,,,,,,,,,2.0,,,,,,,,,,2.0
312,CANDREVA Greta,USA,,,,,,,,,,2.0,,,,,,,,,,2.0
313,KUN Anna,HUN,,,,,,,,,,,,,,2.0,,,,,,2.0
314,JELINEVITS Anastassia,EST,,,,,,,,,,,,,,2.0,,,,,,2.0
315,JIANG Serena,CAN,,,,,,,2.0,,,,,,,,,,,,,2.0
316,HUREL Bertille,CAN,,,,,0.0,,0.5,,,,,,1.5,0.0,,,,,,2.0
317,HAM Sumin,KOR,,,,,,,2.0,,,,,,,,,,,,,2.0
318,DING Dong,CHN,,,,,,,,,,2.0,,,,,,,,,,2.0
319,TORREGO Martina,ESP,,,,,,0.0,,,,,,,,2.0,,,,,,2.0
320,ZHANG XINRONG,CHN,,,,,,,,,,2.0,,,,,,,,,,2.0
321,ZAKHARENKO Antonina,RUS,,,,,,,,0.5,1.5,,,,,,,,,,,2.0
322,NIXON Caroline,USA,,,,,,,,0.25,1.5,0.25,,,,,,,,,,2.0
323,HILBRIG Viktoria,GER,,,,,,,,,1.5,,0.25,,,0.25,,,,,,2.0
324,MATEOS Maria,ESP,,,,,,1.0,,0.0,,0.25,0.5,0.0,,0.0,,,,,,1.75
325,NISHIOKA Hitomi,JPN,0.5,0.5,0.25,,0.5,,0.0,,0.0,0.0,,0.0,,0.0,,,,,,1.75
326,WIMMER Dorina,HUN,0.5,,,,,,,0.5,,,,0.75,,,,,,,,1.75
327,ORLOVA Anna Marija,LAT,,0.25,,,,,,,,,,,,,,,1.5,,,1.75
328,TARIN Lana,FRA,,,0.0,,,,,,,,,,1.5,0.25,,,,,,1.75
329,BOS Valentina,SUI,,,,,,,0.5,0.25,0.0,0.0,0.25,0.0,0.75,0.0,,,,,,1.75
330,HILLIER Harriet,GBR,,,0.0,,,1.0,,,,,,,,,,,,,0.625,1.625
331,BONITO Fabiana,POR,,,,,,,,,,0.0,,0.375,,0.0,,,0.0,,1.25,1.625
332,CAN Zulal,TUR,0.5,,,,,,,,,,1.0,,,,,,0.0,,,1.5
333,SAMKO Anastasiia,UKR,,,,0.0,,0.25,,,,,0.25,0.75,,0.25,,,,,,1.5
334,LARSEN Sarah Schremmer,DEN,0.0,0.25,,,0.0,,,,,,0.0,0.0,,0.0,,,0.0,,1.25,1.5
335,VARFOLOMEYEVA Darya,UKR,,,,0.0,,,1.0,0.0,,,0.5,,,,,,,,,1.5
336,NAGY Emma,HUN,0.0,,,,,,,,1.5,,,0.0,,,,,,,,1.5
337,ZETTERMANN Renata,BRA,,,,,,,,,,,,,1.5,0.0,,0.0,,,,1.5
338,YOUSEF Mira,UKR,,0.0,0.0,0.0,,,,0.25,0.75,,0.5,,,0.0,,,,,,1.5
339,POLOZOVA Yulia,RUS,,,,,,,,0.0,1.5,,,,,,,,,,,1.5
340,AIGERMANOVA Gabriela,CZE,,,,,,,,0.0,1.5,,,,,,,,,,,1.5
341,BILOUS-GRIDZHAK Valeriia,UKR,,,,,,,1.0,,,0.5,,,,,,,,,,1.5
342,YANG Hanting,CHN,,,,,,,,,,,,,1.5,,,,,,,1.5
343,LV Xi Er,CAN,,,,,,,0.5,0.25,0.75,0.0,,,,,,,,,,1.5
344,ZIVANOVIC Jovana,SRB,1.0,,,,,,,,,,,0.375,,,,,0.0,,,1.375
345,KRYMOVA Galina,RUS,,,,,,,,,,,1.0,0.375,,,,,,,,1.375
346,STEFFENS Eva,GER,,,,,,,,,,,,0.375,,1.0,,,,,,1.375
347,ZABOLOTNA Daryna,UKR,,,1.0,0.25,,,,,,,,0.0,,,,,,,,1.25
348,SILETTI Vittoria,ITA,,,0.25,,1.0,,,,,,,,,,,,,,,1.25
349,STEFANOVA Mihaela,BUL,0.25,,,,,1.0,,,,,,,,,,,,,,1.25
350,HUELLAS-BRUSKIEWICZ Marie-Rose,CAN,,1.0,,,,,,,,,,,,0.25,,,,,,1.25
351,MAIGA Magda Louna,SUI,,,1.0,,,,,0.25,,,,,,,,,,,,1.25
352,STANCIULESCU Daria,ROU,0.0,,,0.25,,,,,,,,0.375,,,,,,,0.625,1.25
353,TRYNOVA Julia,EST,,,,0.0,,0.25,,0.5,,,,,,0.5,,,,,,1.25
354,MARSCHALL Reka,HUN,0.0,,,,,,,0.5,0.0,,,0.75,,,,,,,,1.25
355,SEREGIN EKATERINA,USA,,,,,,,,,,,1.0,,,0.25,,,,,,1.25
356,SOBUS Yanka,CAN,,,,,,,0.0,0.5,,,,0.75,,0.0,,,,,,1.25
357,NOR ANUAR Filzah Hidayah Binte,SGP,,,,,,,0.0,,,0.5,,,,,,,,,0.625,1.125
358,LORD Sarah-Eve,CAN,,,,,,,0.5,,,,,0.375,,0.25,,,,,,1.125
359,HERMAY Camille,FRA,,0.5,0.5,,,0.0,,,,,,,,,,,,,,1.0
360,HERSANT Lydiane,FRA,,,0.25,,,0.5,,,,,,,,0.25,,,,,,1.0
361,CEBE Ceren,TUR,0.5,,,,,,,,0.0,,0.5,,,0.0,,,0.0,,,1.0
362,CORRADINO Anita,ITA,0.25,,0.25,,0.5,,,,,,,,,,,,,,,1.0
363,HEUBI Pauline,SUI,,,0.5,,,,0.5,0.0,0.0,,,,,,,,,,,1.0
364,CHACON Camila,VEN,0.0,0.25,,,,,,0.0,,0.0,,0.0,0.75,0.0,,,,,,1.0
365,CONRAD Anastasia,SUI,,,0.0,,,,1.0,,0.0,,,,,,,,,,,1.0
366,KIKERPILL Eliisa,EST,,,,0.0,,0.0,,0.25,,,0.25,0.0,,0.5,,,,,,1.0
367,DORVAL Anne-Marie,CAN,,,,0.0,,,0.5,,,0.25,,,,0.25,,,,,,1.0
368,SEREDA Mariia,UKR,,,,0.0,,0.0,,,,,,0.75,,0.25,,,,,,1.0
369,ABAJO SALCEDO Lucia,ESP,,,,,,0.0,,1.0,,,,,,,,,,,,1.0
370,LARKINA Taisiya,RUS,,,,,,,,,,1.0,,,,,,,,,,1.0
371,YANG Dong,CHN,,,,,,,,,,1.0,,,,,,,,,,1.0
372,JIANG Huishuang,CHN,,,,,,,,,,1.0,,,,,,,,,,1.0
373,HU Mingze,CHN,,,,,,,,,,1.0,,,,,,,,,,1.0
374,MAANINKA Moa,SWE,,,,0.0,,,,,,1.0,0.0,0.0,,,,,,,,1.0
375,WITTER Catherine,USA,,,,,,,,1.0,,,,,,,,,,,,1.0
376,SPYRYDONOVA Polina,UKR,,,,0.0,,,,,,,1.0,,,,,,,,,1.0
377,PYTKA Sara,POL,,,,,,,0.0,1.0,,0.0,0.0,,,,,,,,,1.0
378,FAN Yun-Cian,TPE,,,0.0,,,,0.25,0.0,0.75,0.0,0.0,,,0.0,,,,,,1.0
379,KIM Reena,KOR,,,,,,,,,,,,,,1.0,,,,,,1.0
380,SILVA Marcela,BRA,,,,,,,0.0,,0.0,,,0.0,0.75,0.25,,,,,0.0,1.0
381,LAHAROTTE Gwendoline,FRA,,,,,,,,,,,,,0.75,0.25,,,,,,1.0
382,KOLBENEVA Ekaterina,RUS,,,,,,,,,,,0.25,0.75,,,,,,,,1.0
383,MISIAK Laura,POL,,,,,,,,,,,,0.75,,0.25,,,,,,1.0
384,EMBRICH Maria,EST,,,,,,,,0.25,,,,0.75,,0.0,,,,,,1.0
385,KUTT Laura,EST,,,0.25,,,,,,,,,0.375,,0.25,,,,,,0.875
386,CHTEFANOV Emily,ISR,,,,,,,,,,,,,,0.25,,,0.0,,0.625,0.875
387,REESINCK Sophie,NED,0.25,0.25,0.0,,,,,,0.0,,,0.0,,0.25,,,,,,0.75
388,ERTEN Nilahsen,TUR,0.25,,,,,,,,0.0,,0.5,,,,,,0.0,,,0.75
389,ROSKOSZ Anna,POL,,,,0.0,,,,0.25,,0.5,,,,,,,,,,0.75
390,RAMIREZ GUEVARA Dayanna Graciela,ESA,,,,,,,,,,,,,0.75,0.0,,0.0,,,,0.75
391,TOKTAS Yasemin,TUR,0.0,,,,,,,,0.75,,,,,,,,,,,0.75
392,PISTSOVA Ulyana,KAZ,,,,,,,,0.5,,,0.25,,,,,,,,,0.75
393,DUTTA Jyotika,IND,,,,,,,,,0.75,,0.0,,,,,,,,,0.75
394,ZERRWECK Lina,GER,,,,,,,,,0.375,0.0,,0.375,,0.0,,,,,,0.75
395,ZIEGLER Luise,GER,,0.0,0.0,,,,0.0,,,,0.0,0.375,,0.25,,,,,,0.625
396,SKOLYSHEVA Arina,GEO,,0.0,,,,,,,,,,0.375,,0.25,,,0.0,,,0.625
397,SENNERLIN HOLM Engla,SWE,,,,0.0,,,,,,0.25,0.0,0.375,,,,,,,,0.625
398,ALZAABI Shaikha,UAE,,,,0.0,,,,0.0,,,,,,0.0,,,,0.0,0.625,0.625
399,LAI Hiu Tung,HKG,,,,,,,,,0.0,0.0,,0.375,,0.25,,,,,,0.625
400,HUANG U Kei,MAC,,,,,,,,,,,,,,,,,,,0.625,0.625
401,TSOGBAYAR Undral,MGL,,,,,,,,,,,,,,,,,,,0.625,0.625
402,TURCSAK Bianka,HUN,0.5,,,,,,,,,,,,,,,,,,,0.5
403,SAPIN Galadrielle Tunde,SUI,,,0.5,,,,0.0,,0.0,0.0,,,,,,,,,,0.5
404,EADIE Olivia,GBR,,,0.0,,0.5,,,,,,,,,,,,,,,0.5
405,VELISLAVOVA Victoria,BUL,0.5,,,,,0.0,,,,,,,,,,,,,,0.5
406,RODRIGUEZ VICENTE Alejandra,ESP,,,,,,0.5,,,,,,,,,,,,,,0.5
407,UBAUD Ann Charlotte,FRA,,,0.5,,,,,,,,,,,,,,,,,0.5
407,S NAGY Emese,HUN,,,,0.5,,,,,,,,,,,,,,,,0.5
409,MAJDANDZIC Andrea,CRO,0.5,,,0.0,,,,,,,,,,,,,,,,0.5
410,PIERACCIANI Alice,ITA,,,,,,0.5,,,,,,,,,,,,,,0.5
411,VAN DEN BERGH Eveline,NED,,0.0,,,0.25,0.25,,,,0.0,,,,,,,,,,0.5
412,GRABOVSKYTE Lurde,LTU,,,,,0.25,0.25,,,,,0.0,,,,,,0.0,,,0.5
413,TENGESDAL Vilde,NOR,,,,,0.25,,,,,,,,,0.25,,,0.0,,,0.5
414,RAMUZ Leonie,SUI,,,0.25,,,,,,,,,,,0.25,,,,,,0.5
415,DUBEAU Alexa,CAN,,,,0.0,,,0.5,,,,,,,,,,,,,0.5
416,LEGAC Gloria-Dahlia,AUT,,,,0.0,0.0,,,,,,0.25,0.0,,0.25,,,,,,0.5
417,GOGNIAT Vanie,SUI,,,0.0,,,,0.5,,,,,,,,,,,,,0.5
418,YOOSEFI Daria,GER,,,,0.0,,,,,,,0.5,,,,,,,,,0.5
419,JONAS Anna,GER,,0.0,,,,,0.25,,0.0,0.0,0.25,0.0,,0.0,,,,,,0.5
420,SHI Ziyan,CHN,,,,,,,,,,0.5,,,,,,,,,,0.5
421,ZHAO Jiayu,CHN,,,,,,,,,,0.5,,,,,,,,,,0.5
422,WIECZOREK Anna,POL,,,,,,,,0.5,,,,,,,,,,,,0.5
423,XU Tai Yang (Sunia),CAN,,,,,,,0.5,,,,,,,,,,,,,0.5
423,CHI Chelsea,USA,,,,,,,,,,0.5,,,,,,,,,,0.5
425,SALMINEN Anna,FIN,,,,,,,,,,,,0.0,,0.5,,,,,,0.5
426,XU Serena,CAN,,,,,,,,,,0.5,,,,,,,,,,0.5
427,CHEN Hailin,HKG,,,,,,,,,,,,0.0,0.0,0.5,,,,,,0.5
428,WANG QIAN,CHN,,,,,,,,,,0.5,,,,,,,,,,0.5
429,ARMAGANOVA Sofiya,RUS,,,,,,,,,,0.5,,,,,,,,,,0.5
430,HALEMBA Antonina,POL,,,,,,,,,,,0.0,,,0.5,,,,,,0.5
431,FOMINA Karolina,KAZ,,,,,,,,0.5,0.0,,0.0,,,0.0,,,,,,0.5
432,MILLETTE Marie-Frederique,CAN,,,,,,,0.5,,,,,,,0.0,,,,,,0.5
433,XIE Yuchen,CHN,,,,,,,,,,0.5,,,,,,,,,,0.5
434,SWENSON Nikita,USA,,,,,,,,,,0.5,,,,,,,,,,0.5
435,LANDO Tamara,ISR,,,,,,,,,,,,,,0.5,,,,,,0.5
435,AI Amy,CAN,,,,,,,0.5,,,,,,,,,,,,,0.5
435,WANG Zoe,USA,,,,,,,,,,0.5,,,,,,,,,,0.5
438,FONG Sum Sophia,HKG,,,,,,,,,,0.0,,,,0.5,,,,,,0.5
439,CHERCHESOVA Lilana,RUS,,,,,,,,,,0.5,,,,,,,,,,0.5
440,LEE Ivana,HKG,,,,,,,,,,0.5,,,,,,,,,,0.5
441,XIAO Nancy,CAN,,,,,,,0.5,,,,,,,,,,,,,0.5
442,LIU Jingqi,CHN,,,,,,,,,,0.5,,,,,,,,,,0.5
443,ZHAO Yan,CHN,,,,,,,,,,0.5,,,,,,,,,,0.5
444,LEE Jiyoung,KOR,,,,,,,0.25,,,,,,,0.25,,,,,,0.5
445,KAIDAROVA Viktoriya,KAZ,,,,,,,,0.25,,,0.25,0.0,,,,,,,,0.5
446,ION Theodora,ROU,0.0,,,,,,,,,,,0.375,,,,,,,,0.375
447,MISKO Dorina,HUN,0.0,,,,,,,,,,,0.375,,,,,,,,0.375
448,DRAGAN Alexandra,ROU,0.0,,,0.0,,,,,,,,0.375,,,,,,,,0.375
449,MULLEN Alisha,IRL,,,0.0,,0.0,0.0,0.0,,,,,0.375,,,,,0.0,,,0.375
450,KOZIELSKI Katharina,GER,,,,,,,,,,,,0.375,,,,,,,,0.375
451,RONASZEKI Izabella,HUN,,,,,,,,,,,,0.375,,,,,,,,0.375
452,CERVENKOVA Katerina,CZE,,,,,,,,,,,,0.375,,,,,,,,0.375
453,NASKARI Ariadni,GRE,,,,,,,,,,,,0.375,,,,,,,,0.375
454,CHEREDINTSEVA Astasia,RUS,,,,,,,,,,,0.0,0.375,,,,,,,,0.375
455,PORWOL Liliana,POL,,,,,,,,,,,,0.375,,,,,,,,0.375
456,JAKOBI Julia,HUN,,,,,,,,,,,,0.375,,,,,,,,0.375
457,MATSKEVITS Iris Maria,EST,,,,,,,,,,,,0.375,,,,,,,,0.375
458,KAHABKOVA Eliska,CZE,,,,,,,,,,,,0.375,,,,,,,,0.375
459,TOTH Jazmin,HUN,,,,,,,,,,,,0.375,,,,,,,,0.375
460,MELO Leonor,POR,,,,,,0.25,,,,,,,,,,,0.0,,,0.25
461,KELLER Camille,FRA,,0.25,,,,,,,,,,,,,,,,,,0.25
462,TORREGO Alicia,ESP,,,,,,0.25,,,,,,,,0.0,,,,,,0.25
463,NEDEVA Monika,BUL,0.25,,,,,,,,,,,,,,,,,,,0.25
464,JUANES CARRENO Monica,ESP,,,,,,0.25,,,,,,,,,,,,,,0.25
464,CHIAROLANZA Mariacarolina,ITA,,,,,0.25,,,,,,,,,,,,,,,0.25
466,SIMKUTE Ausrine,LTU,,0.25,,,0.0,,,,,,,,,,,,0.0,,,0.25
467,LEGROS Flora,FRA,,,0.0,,,0.25,,,,,,,,,,,,,,0.25
468,BADEA Erica,ROU,,,,0.25,,,,,,,,,,,,,,,,0.25
468,VARGA Flora Luca,HUN,0.25,,,,,,,,,,,,,,,,,,,0.25
470,SZARVAS Rita,HUN,0.25,,,0.0,,,,,,,,,,,,,,,,0.25
471,USHER Georgina,GBR,,,0.25,,,,,,,,,,,,,,,,,0.25
471,GINEX Eleonora,ITA,,,,,0.25,,,,,,,,,,,,,,,0.25
473,LEBRILLANT Manju,FRA,,,0.25,0.0,,,,,,,,,,,,,,,,0.25
474,CASALE Maria Roberta Agata,ITA,0.25,,0.0,,,,,,,,,,,,,,,,,0.25
475,BALLESTER Scarly,VEN,,0.25,,,,,,,,,,,,,,,,,,0.25
475,RODOPOULOU Nefeli,GRE,,,,,0.25,,,,,,,,,,,,,,,0.25
477,SHEVCHENKO Vasilisa,FIN,,,,0.0,0.25,,,,,,,,,,,,,,,0.25
478,GENIEZ Faustine,FRA,,0.25,,,,,,,,,,,,,,,,,,0.25
478,ZANOTTI Maddalena,ITA,0.25,,,,,,,,,,,,,,,,,,,0.25
480,CORNALBA Carlotta,ITA,,,,,,0.25,,,,,,,,,,,,,,0.25
480,KOZMA Laura Eva,HUN,0.25,,,,,,,,,,,,,,,,,,,0.25
482,KONING Ona,NED,,0.25,,,,,,,0.0,,,0.0,,,,,,,,0.25
483,CASAMENTI Anna,ITA,,,,0.25,,,,,,,,,,,,,,,,0.25
483,PAPP-SZILAGYI Luca,HUN,0.25,,,,,,,,,,,,,,,,,,,0.25
485,STILLER Natalja,DEN,,,,,0.25,,,,,,,,,,,,,,,0.25
485,CATINON Fanny,FRA,,,0.25,,,,,,,,,,,,,,,,,0.25
487,UMLAUF Beatrix,AUT,,0.0,,,0.25,,,,,,,0.0,,0.0,,,,,,0.25
488,MITZOVA Emma,GBR,,,0.25,,,,,,,,,,,,,,,,,0.25
489,TOMSA Ana,ROU,0.25,,,,,,,,,,,0.0,,,,,,,,0.25
490,TESTA Mariachiara,ITA,,,,0.25,,,,,,,,,,,,,,,,0.25
490,STEIMER Sophie,FRA,,,0.25,,,,,,,,,,,,,,,,,0.25
492,ARANDA Ariana,MEX,,0.25,,,,,,,,,,,,,,,,,,0.25
492,REDLICH Fenja Apsarah,DEN,,,,,0.25,,,,,,,,,,,,,,,0.25
492,DELFINO Lavinia,ITA,,,,0.25,,,,,,,,,,,,,,,,0.25
495,DE WIJN Day,NED,,0.0,0.25,0.0,0.0,,,,0.0,,,,,0.0,,,,,,0.25
496,CARROZZA Ginevra,ITA,,,,0.0,,0.25,,,,,,,,,,,,,,0.25
497,CRISTINA Aurora Maria,ITA,,,,0.25,,,,,,,,,,,,,,,,0.25
497,RAITERI Margherita,ITA,0.25,,,,,,,,,,,,,,,,,,,0.25
497,ALBERTSON Pia,NOR,,0.25,,,,,,,,,,,,,,,,,,0.25
500,VAN MARION Kirsten,CAN,,,,,0.0,0.0,0.0,,0.0,,,,,0.25,,,,,,0.25
501,YURTTAS Yagmur,TUR,0.0,,0.0,,,,,,,,0.25,,,,,,,,,0.25
502,ALHOSANI Zainab,UAE,,,,0.0,,,,0.25,,,,,,0.0,,,,0.0,0.0,0.25
503,ESTEVEZ ESCALONA Lola,ESP,,,,,,0.0,,,,,,,,0.25,,,,,,0.25
504,LIU Zixian,CHN,,,,,,,,,,0.25,,,,,,,,,,0.25
504,LESSOVSKAYA Polina,KAZ,,,,,,,,,,,0.25,,,,,,,,,0.25
506,SHI Chenlan,CHN,,,,,,,,,,0.25,,,,,,,,,,0.25
507,SPRINGER Sierra,USA,,,,,,,,,,0.25,,,,,,,,,,0.25
508,ROMAN Judith,FRA,,,,,,,,,,,,,,0.25,,,,,,0.25
509,SAPAROVA Biybimaryam,UZB,,,,,,,,,,,0.25,,,,,,,,,0.25
510,ABDELWAHAB Sara,EGY,,,,,,,,0.0,0.0,,,0.0,,0.25,,,,,,0.25
511,GAO XINYAN,CHN,,,,,,,,,,0.25,,,,,,,,,,0.25
512,SU Evelyn,CAN,,,,,,,0.25,,,,,,,,,,,,,0.25
513,LEI Xinrui,CHN,,,,,,,,,,0.25,,,,,,,,,,0.25
514,CHARKIEWICZ Karolina,POL,,,,,,,,,,,,0.0,,0.25,,,,,,0.25
515,SUN Ze Yu,CAN,,,,,,,0.25,,,,,,,,,,,,,0.25
516,ABED Nada,KSA,,,,,,,,0.25,0.0,,,,,,,,,,,0.25
517,NAZAROVA Sanam,UZB,,,,,,,,,,,,,,0.25,,,,,,0.25
518,PALPACUER Garance,FRA,,,,,,,,,,,,,,0.25,,,,,,0.25
519,ADEL DOHA,EGY,,,,,,,,0.25,,,,,,,,,,,,0.25
520,VILLAGEOIS Anne Emmanuelle,FRA,,,,,,,,,,,,,,0.25,,,,,,0.25
521,YAO Boula Océane,CIV,,,,,,,,,,,,,,,0.0,,,,,0.0
522,JEETUN Rachna,MRI,,,,,,,,,,,,,,,0.0,,,,,0.0
523,KOUASSI MARIE ROXANE NAOMIE,CIV,,,,,,,,,,,,,,,0.0,,,,,0.0
524,NABEEBOCUS Chamillah,MRI,,,,,,,,,,,,,,,0.0,,,,,0.0
525,FUCCARO Isabella,ITA,,,0.0,,0.0,,,,,,,,,,,,,,,0.0
526,ARORA Ena,IND,,,,0.0,,0.0,,0.0,,,,,,,,,,,,0.0
527,NAUCELLE JARDEL Thais,FRA,,,0.0,,,,,,,,,,,,,,,,,0.0
528,KOCKEN Ulrieke,NED,,0.0,,,0.0,,,,,,,,,,,,,,,0.0
529,ALNAWAISEH Celine,JOR,,,,,0.0,0.0,,,,,,,,,,,,,,0.0
530,ROGERSON Jessica,GBR,,0.0,0.0,,,0.0,,,,,,0.0,,0.0,,,,,0.0,0.0
531,MAGNI Bianca,ITA,,,,0.0,0.0,,,,,,,,,,,,,,,0.0
532,FATULA Yuliia,UKR,,,0.0,0.0,,,,,,,,,,,,,,,,0.0
533,SIZOO Isaura,NED,,0.0,,,0.0,,,,,0.0,,,,0.0,,,,,,0.0
534,PINGGERA Elisabeth,AUT,0.0,,,,,,,,,,,,,,,,,,,0.0
534,PALOMO Valeria,ESP,,,,,,0.0,,,,,,,,,,,,,,0.0
534,VOLOSHYNA Mariia,UKR,,,,0.0,,,,,,,,,,,,,,,,0.0
537,AXINTE Renata,ROU,0.0,,,,,,,,,,,,,,,,,,,0.0
538,MIRONOV Leana,EST,,,,,,0.0,,,,,,0.0,,,,,,,,0.0
539,BERENDS Carmen,NED,,0.0,,,,,,,,,,,,,,,,,,0.0
539,LIBERATI Silvia,ITA,,,,,0.0,,,,,,,,,,,,,,,0.0
541,VARVERI Fani,GRE,0.0,,,,0.0,,,,,,,,,,,,0.0,,,0.0
542,RUEDA MOLINERO Julia,ESP,,,,,,0.0,,,,,,,,,,,,,,0.0
543,VORNANEN Anni,FIN,,,,0.0,0.0,,,,,,,0.0,,0.0,,,0.0,,0.0,0.0
544,GYOVAI Lilla,NED,,0.0,,,0.0,,,,,,,,,,,,,,,0.0
545,ENGDAHL Sophie,SWE,,,,0.0,,,,,,,,0.0,,,,,,,,0.0
546,TOWNSEND Katherine,GBR,,0.0,0.0,,0.0,0.0,,,0.0,,,0.0,,0.0,,,,,,0.0
547,ALKLOUB Shahed,JOR,,,,,0.0,0.0,,0.0,,,,,,,,,,,,0.0
548,CASTILLO GUTIERREZ Laura Mariela,COL,,,,,,0.0,,,,,,,0.0,0.0,,,,,,0.0
549,DE JONG Cheryl,NED,,0.0,,,,,,,,,,,,0.0,,,,,,0.0
550,KORNIICHUK Yelyzaveta-Olha,UKR,,,,0.0,,,,,,,,,,,,,,,,0.0
551,BEKI Andrea,HUN,0.0,,,0.0,,,,,,,,,,,,,,,,0.0
552,KAZMIEROWSKI Chrissa,USA,,,,,0.0,,,,,,,,,,,,,,,0.0
553,RANK Marie Leonore,GER,,0.0,,,,,,,,,,,,,,,,,,0.0
553,DI NORCIA Milena,ITA,,,,,0.0,,,,,,,,,,,,,,,0.0
555,LENSSENS Anke,BEL,,0.0,,,,,,,,,,,,,,,,,,0.0
555,MUELLER Regula,SUI,,,0.0,,,,,,,,,,,,,,,,,0.0
555,AGATH Thordis,AUT,,,,0.0,,,,,,,,,,,,,,,,0.0
558,LABRO Emma,BEL,,0.0,,0.0,0.0,,,,0.0,,0.0,0.0,,,,,,,,0.0
559,MIHALACHE Sophie,SUI,,,0.0,,,,,,,,,,,0.0,,,,,,0.0
560,EDIS Derin Su,TUR,0.0,,,,,,,,,,,,,,,,,,,0.0
561,KUSHTAN Kseniya,GBR,,,0.0,,,,,,,,,,,,,,,,,0.0
561,POLI Clothilde,FRA,,0.0,,,,,,,,,,,,,,,,,,0.0
561,FAVA Beatrice,ITA,,,,0.0,,,,,,,,,,,,,,,,0.0
561,ANTONUCCI Elena,ITA,,,,,,0.0,,,,,,,,,,,,,,0.0
565,LAMZA Kateryna,UKR,,,,0.0,,0.0,,,,,,,,,,,,,,0.0
566,MUNTEAN Andreea,ROU,0.0,,,0.0,,,,,,,,0.0,,,,,,,,0.0
567,POYSTI Laura,FIN,,,,,0.0,,,0.0,,,,0.0,,0.0,,,,,,0.0
568,AMIAN Laura,GER,,0.0,,,,,,,,,,,,,,,,,,0.0
569,KRSMANOVIC Gala,SRB,0.0,,,0.0,,,,,,,,,,,,,,,,0.0
570,HANSPACH Janine,PAR,,,,,,,,,,,,,0.0,,,0.0,,,,0.0
571,ROELS Kaat,BEL,,0.0,,,,,,,,,,,,,,,,,,0.0
571,JONYNAITE Kamila,LTU,,,,0.0,,,,,,,,,,,,,,,,0.0
571,ALVAREZ SANZ Gabriela,ESP,,,,,,0.0,,,,,,,,,,,,,,0.0
574,ABDIN Jana,JOR,,,,,0.0,0.0,,,,,,,,,,,,,,0.0
575,LORENZ Therese,AUT,0.0,,,0.0,,,,,,,,,,,,,,,,0.0
576,WAGNER Julia,GER,,,,,,0.0,,,,,,,,,,,,,,0.0
576,ANIS Dinara,EST,,,,0.0,,,,,,,,,,,,,,,,0.0
576,HELLEBO Elsa Von Koss,NOR,,0.0,,,,,,,,,,,,,,,,,,0.0
579,BENTIVOGLI Anna,ITA,,,,,0.0,0.0,,,,,,,,,,,,,,0.0
580,PAZ Martina,URU,,,,,,,,,,,,,0.0,,,0.0,,,,0.0
581,ROMANOVA Oleksandra,UKR,,,0.0,,,,,,,0.0,,,,,,,,,,0.0
582,RANNINGER Maria Pilar,ESP,,,,,,0.0,,,,,,,,,,,,,,0.0
582,ROUILLE Justine,FRA,,,0.0,,,,,,,,,,,,,,,,,0.0
584,KUVAJA Veera,FIN,,,,0.0,0.0,,,,,,,,,,,,,,,0.0
585,MONOVA Lilyana,BUL,0.0,,,,,,,,,,,0.0,,,,,,,,0.0
586,PENNISI Elena Maria,ITA,,,,,,0.0,,,,,,,,,,,,,,0.0
586,DONSKA Neda,BUL,0.0,,,,,,,,,,,,,,,,,,,0.0
588,RAMALHO Teresa,POR,,0.0,,,0.0,0.0,,,,,,,,,,,,,,0.0
589,RAMOS CALDERON Franchelis Margarita,DOM,,,,,,,0.0,,,,,,0.0,,,0.0,,,,0.0
590,SEILLE Elena,FRA,,,0.0,,,,,,,,,,,,,,,,,0.0
590,ANGULO SAN MARTIN Lucia,ESP,,,,,,0.0,,,,,,,,,,,,,,0.0
592,NEERMAN Anna,BEL,,0.0,,,,,,,,,,,,,,,,,,0.0
593,ZALIANI Alice,ITA,0.0,,,,0.0,,,,,,,,,,,,,,,0.0
594,CENA Marzia,ITA,,,0.0,,,,,,,,,,,,,,,,,0.0
594,SEAH Denise Ning Yi,SGP,,,,,,,,,,,,,,,,,,0.0,,0.0
594,MYLIAVSKA Viktoriia,UKR,,,,0.0,,,,,,,,,,,,,,,,0.0
594,SARVARI Rita,HUN,0.0,,,,,,,,,,,,,,,,,,,0.0
594,PASARA Fatima,PER,,,,,,,,,,,,,,,,0.0,,,,0.0
594,GERARD Kim,BEL,,0.0,,,,,,,,,,,,,,,,,,0.0
600,CHESHMEDJIEVA Victoria,BUL,0.0,,,,,,,,,,,0.0,,,,,,,,0.0
601,KROESE Roos,NED,,0.0,,,,,,,,,,,,,,,,,,0.0
601,PIEDRAHITA GOMEZ Alejandra,COL,,,,,,0.0,,,,,,,,,,,,,,0.0
601,KARKI Anita,NEP,,,,,,,,,,,,,,,,,,0.0,,0.0
601,MASSA Alessia,PER,,,,,,,,,,,,,,,,0.0,,,,0.0
601,PIAO Megan Xu-Ran,IRL,,,,,0.0,,,,,,,,,,,,,,,0.0
606,DAMGAARD Josephine Barfod,DEN,0.0,0.0,,,,,,,,,0.0,0.0,,0.0,,,0.0,,,0.0
607,VAZQUEZ Veronica J.,PUR,,,,,,,,,,,,,0.0,,,0.0,,,,0.0
608,KUMAL Pujan Kumari,NEP,,,,,,,,,,,,,,,,,,0.0,,0.0
608,FAURE Lisa,FRA,,,0.0,,,,,,,,,,,,,,,,,0.0
608,MELLON-WHELAN Aisling,IRL,,,,,0.0,,,,,,,,,,,,,,,0.0
611,ZEPEDA Maileny,GUA,,,,,,,,,,,,,0.0,,,0.0,,,,0.0
612,SPINIELLA Alessandra,ITA,,,,,,0.0,,,,,,,,,,,,,,0.0
612,SAVCHENKO Vladislava,BUL,0.0,,,,,,,,,,,,,,,,,,,0.0
612,BARERA Francesca Benedetta,ITA,,,,,0.0,,,,,,,,,,,,,,,0.0
612,MORTECRETTE Enora,FRA,,0.0,,,,,,,,,,,,,,,,,,0.0
612,PHAT Lyka,CAM,,,,,,,,,,,,,,,,,,0.0,,0.0
617,PETKOVA Mateya,BUL,0.0,,,,,0.0,,,,,,,,,,,,,,0.0
618,SOLORZANO Denise,GUA,,,,,,,,,,,,,0.0,,,0.0,,,,0.0
619,RUSSELL Amelie,GBR,,,,,0.0,,,,,,,,,,,,,,,0.0
619,ANHARSKA Marharyta,UKR,,,,0.0,,,,,,,,,,,,,,,,0.0
619,CHANG Chia-Ling,TPE,,,,,,,,,,,,,,,,,,0.0,,0.0
622,CAREY Michele,USA,,,0.0,0.0,0.0,,,,,,,,,,,,,,,0.0
623,PAPUCHI Alejandra,URU,,,,,,,,,,,,,,,,0.0,,,,0.0
623,POMORISAC Teodora,SRB,0.0,,,,,,,,,,,,,,,,,,,0.0
623,CHAUDHARY MAYA,NEP,,,,,,,,,,,,,,,,,,0.0,,0.0
626,NGUYEN Thu Thao,VIE,,,,,,,,,,,0.0,,,,,,,0.0,,0.0
627,KENESHOVA Akak,KGZ,,,,,,,,,,,0.0,,,,,,,0.0,,0.0
628,RAMIREZ PEINADO Sofia,ESP,,,,,,0.0,,,,,,,,,,,,,,0.0
628,MILJEVIC Elsa,FRA,,0.0,,,,,,,,,,,,,,,,,,0.0
628,GURUNG Kripa,NEP,,,,,,,,,,,,,,,,,,0.0,,0.0
628,MAVRIKIOU Irina,CYP,0.0,,,,,,,,,,,,,,,,,,,0.0
628,SIDENKO Sofiia,UKR,,,,0.0,,,,,,,,,,,,,,,,0.0
628,ALBERTI Bettina,URU,,,,,,,,,,,,,,,,0.0,,,,0.0
634,SHEVCHENKO Sofiia,UKR,,,,0.0,,0.0,,,,,,,,,,,,,,0.0
635,MANSI Dina,JOR,,,,,0.0,0.0,,0.0,,,,,,,,,,,,0.0
636,ELIAS Camila,GUA,,,,,,,,,,,,,0.0,,,0.0,,,,0.0
637,VILLACELLINO Aurora Yingchun,SGP,,,0.0,,,,,,,,,,,,,,,,,0.0
637,SZEKERES Lily,BEL,,0.0,,,,,,,,,,,,,,,,,,0.0
639,AUTERI Caterina,ITA,0.0,,0.0,,,,,,,,,,,,,,,,,0.0
640,ROSCA Nicole,IRL,,0.0,0.0,,0.0,,,,,,,,,,,,,,,0.0
641,HOWSER Isabella,GBR,,,0.0,,,,,,,,,,,,,,,,,0.0
641,GULYAS Anna,BEL,,0.0,,,,,,,,,,,,,,,,,,0.0
641,FLORES REYES Lesly Elizabeth,ESA,,,,,,,,,,,,,,,,0.0,,,,0.0
641,BUA Matilde,ITA,,,,,,0.0,,,,,,,,,,,,,,0.0
645,MANSUROVA Ramina,NED,,0.0,,0.0,,,,,,,,0.0,,0.0,,,,,,0.0
646,COMBATTI Simone,CHI,,,,0.0,0.0,0.0,,,,,,,,,,,,,,0.0
647,CABRERA Fatima,BOL,,,,,,,,,,,,,0.0,,,0.0,,,,0.0
648,MAKSIMOVIC Mia,SRB,0.0,,,,,,,,,,,,,,,,,,,0.0
648,BINDER ARROYO Aurora,ESP,,,,,,0.0,,,,,,,,,,,,,,0.0
650,KOCKEN Veronique,NED,,0.0,,,0.0,,,,,,,,,,,,,,,0.0
651,ALMARZOOQI Fajar,UAE,,,,0.0,,,,,,,,,,0.0,,,,0.0,0.0,0.0
652,RODRIGUEZ VALERIO Abigail,CRC,,,,,,,0.0,,,,,,0.0,,,0.0,,,,0.0
653,HERRING JOHNSON Darcy,GBR,,,,0.0,,,,,0.0,,,,,0.0,,,,,,0.0
654,GEROUDET Justine,SUI,,,0.0,,,,,,,,,,,,,,,,,0.0
654,VALLADARES PUERTA Samira,VEN,,0.0,,,,,,,,,,,,,,,,,,0.0
654,OLAH Eniko Julia,HUN,0.0,,,,,,,,,,,,,,,,,,,0.0
657,OHON Ustina,UKR,,,,0.0,,0.0,,,,,,,,,,,,,,0.0
658,GUNARATHNA Janidi,SRI,,,,,,,,,,,,,,,,,,0.0,,0.0
658,DUPAS Donatienne,BEL,,0.0,,,,,,,,,,,,,,,,,,0.0
658,STEPANOVA Yelyzaveta,UKR,,,,0.0,,,,,,,,,,,,,,,,0.0
658,DELLA CIOPPA Sara,ITA,,,0.0,,,,,,,,,,,,,,,,,0.0
658,MARTIN Sharmella,JAM,,,,,,,,,,,,,,,,0.0,,,,0.0
658,MION Annalise,IRL,,,,,0.0,,,,,,,,,,,,,,,0.0
658,PETKOVA Petya,BUL,0.0,,,,,,,,,,,,,,,,,,,0.0
665,DE CLERCK Noa,BEL,,0.0,,,,,,,,,0.0,,,,,,,,,0.0
666,AZNAR Laura,ESP,,,,,,0.0,,,,,,,,,,,,,,0.0
666,RUMENOVSKI Cintia,AUT,,,,,0.0,,,,,,,,,,,,,,,0.0
666,GILOVA Dimitra,BUL,0.0,,,,,,,,,,,,,,,,,,,0.0
666,JABERG Sydney,SUI,,,0.0,,,,,,,,,,,,,,,,,0.0
670,HARTMANN Lilly,AUT,,0.0,,,,,,,,,,,,0.0,,,,,,0.0
671,TOTHMATYAS Zsofia,HUN,0.0,,,,,,,,,,,0.0,,,,,,,,0.0
672,MUKOID Yuliia,UKR,,,,0.0,,,,,,,,,,,,,,,,0.0
672,NYKYTIUK Mariia,UKR,,,,,,0.0,,,,,,,,,,,,,,0.0
674,MILICIC MILAKOVIC Andjela,SRB,0.0,,,0.0,,,,,,,,0.0,,,,,,,,0.0
675,MARCOL Weronika,POL,,,,0.0,,,,,,,,,,,,,,,,0.0
675,FEDORCHUK Solomiia,UKR,,,0.0,,,,,,,,,,,,,,,,,0.0
675,BRUYNOOGHE Renee,BEL,,0.0,,,,,,,,,,,,,,,,,,0.0
675,LAPIS Dora Zsuzsanna,HUN,0.0,,,,,,,,,,,,,,,,,,,0.0
675,MURRAY Claire,IRL,,,,,0.0,,,,,,,,,,,,,,,0.0
680,BREITWIESER Carolin,GER,,,0.0,,,,,,,,,,,,,,,,,0.0
680,FEHERTOI-NAGY Lili,HUN,0.0,,,,,,,,,,,,,,,,,,,0.0
682,ELTOUDY Bassmala,EGY,,0.0,,,,,,,,,,,,0.0,,,,,,0.0
683,SONMUS Yagmur,TUR,0.0,,,,,,,,,,,,,,,,,,,0.0
684,BUCSA Ioana,ROU,0.0,,,0.0,,,,,,,,0.0,,,,,,,,0.0
685,LIPPERT Neolie,SWE,,,,0.0,,,,,,,,,,,,,,,,0.0
685,PIEPER Vlinder,NED,,0.0,,,,,,,,,,,,,,,,,,0.0
687,LUSTI Andrina,SUI,,,0.0,,,,,,,0.0,,0.0,,,,,,,,0.0
688,LEYSEN Elise,BEL,,0.0,,,,,,,,,,,,,,,,,,0.0
689,DJUKIC Masa,SRB,0.0,,,0.0,,,,,,,,,,,,,,,,0.0
690,GORBACHUK Yelyzaveta,UKR,,,,0.0,,,,,,,0.0,,,,,,,,,0.0
691,VERSTEIJNEN Annabelle,NED,,0.0,,,,,,,,,,,,0.0,,,,,,0.0
692,LUMINEAU Juliet,GBR,,,0.0,,,,,,,,,,,,,,,,,0.0
693,DERETIC Dragana,SRB,0.0,,,,,,,,,,,,,,,,,,,0.0
693,DACO Sophie,BEL,,0.0,,,,,,,,,,,,,,,,,,0.0
693,TSANEVA Kamena,BUL,0.0,,,,,,,,,,,,,,,,,,,0.0
693,ACEDO TRABUCO Ines,ESP,,,,,,0.0,,,,,,,,,,,,,,0.0
693,PICKERING Sophia,GBR,,,0.0,,,,,,,,,,,,,,,,,0.0
693,MALCHEVSKA Mariia,UKR,,,,0.0,,,,,,,,,,,,,,,,0.0
699,DE CAMARGO Maria Rita,BRA,,0.0,,,,,,,,,,0.0,,,,,,,,0.0
700,PESSAROSSI Anais,FRA,,0.0,,,,,,,,,,,,,,,,,,0.0
700,GONZALEZ PARABACUTO Patricia Carolina,ARG,,,,,,0.0,,,,,,,,,,,,,,0.0
702,ARDRI Ilariya,POL,0.0,0.0,,,,,,,,,,,,,,,,,,0.0
703,RAHADIAN Ariani Syafitri,INA,,,0.0,,,,,,,,,,,,,,,,,0.0
703,BARROSO Joana,POR,,,,,,0.0,,,,,,,,,,,,,,0.0
705,FREDERIKSEN Mia Maja,DEN,0.0,,0.0,,,,0.0,0.0,,,,,,,,,,,,0.0
706,NIEL Magali,FRA,,,0.0,,,0.0,,,,,,,,,,,,,,0.0
707,DE BROECK Clara,BEL,,0.0,,,,,,,,,,,,,,,,,,0.0
707,JURT Florina,SUI,,,0.0,,,,,,,,,,,,,,,,,0.0
707,STADLER Andreea,ROU,0.0,,,,,,,,,,,,,,,,,,,0.0
710,BANDZELADZE Mariam,GEO,,,,,,0.0,,,,,,,,,,,,,,0.0
710,KIMPE Nathalie,BEL,,0.0,,,,,,,,,,,,,,,,,,0.0
712,LASMOLLES Stephanie,FRA,,,,,,0.0,,,,,,,,,,,,,,0.0
712,GRAHAMSLAW Kira,GBR,,,0.0,,,,,,,,,,,,,,,,,0.0
712,STOEVA Dennitsa,BUL,0.0,,,,,,,,,,,,,,,,,,,0.0
715,LENGYEL Lilla,HUN,,0.0,,,,,,,,,,,,,,,,,,0.0
715,EVERETT Maisie,GBR,,,0.0,,,,,,,,,,,,,,,,,0.0
715,BOYADZHIEVA Iva,BUL,0.0,,,,,,,,,,,,,,,,,,,0.0
718,SÜTÖ Daniela,SUI,,,0.0,,,,,,,,,,,,,,,,,0.0
718,CIANI Carolina,ITA,,,,0.0,,,,,,,,,,,,,,,,0.0
718,HAWTHORNE Katy,GBR,,,0.0,,,,,,,,,,,,,,,,,0.0
718,NISHIOKA Yoko,JPN,0.0,,,,,,,,,,,,,,,,,,,0.0
718,DEPREZ Bieke,BEL,,0.0,,,,,,,,,,,,,,,,,,0.0
723,DRAG Sofia,ITA,,,,0.0,,,,,,,,,,,,,,,,0.0
724,VAN DER SCHUEREN Joke,BEL,,0.0,,,,,,,,,,,,,,,,,,0.0
725,SAPIN-DORNACHER Maria,SUI,,,0.0,,,,,,,,,,,,,,,,,0.0
725,BUCHANAN Courtney,AUS,,,,,,0.0,,,,,,,,,,,,,,0.0
727,NESBITT Hannah,GBR,,,0.0,,,,,,,,,,,0.0,,,,,,0.0
728,POPOVA Kseniya,UKR,,,,0.0,,,,,,,,,,,,,,,,0.0
729,AAMLID Anaelle,SUI,,,0.0,,,,,,,,,,,,,,,,,0.0
729,SEPPALA Milka,FIN,,,,,,0.0,,,,,,,,,,,,,,0.0
731,GILDERNES Ada Sofie,NOR,,,,,,,,,,,,,,0.0,,,0.0,,,0.0
732,MORENO ANDRES Maria Isabel,ESP,,,,,,0.0,,,,,,,,,,,,,,0.0
733,DASWANI ANGULO Irene,ESP,,,,,,0.0,,,,,,,,,,,,,,0.0
733,PEREZ-MANGLANO ESTEBAN Noa,ESP,,,,,,0.0,,,,,,,,,,,,,,0.0
735,DE PREUX Camille,SUI,,,0.0,,,,,,,,,,,,,,,,,0.0
735,CASAMENTI Alice,ITA,,,,0.0,,,,,,,,,,,,,,,,0.0
737,MYRONIDOU SYMEONIDOU Athina,GRE,,,,,,,,,,,,,,,,,0.0,,,0.0
737,ARREGUI IDOATE Irene,ESP,,,,,,0.0,,,,,,,,,,,,,,0.0
739,POGHOSOVA Emma,ARM,,,,,,,,,,,,,,,,,0.0,,,0.0
739,PATERSON Eilidh,GBR,,,0.0,,,,,,,,,,,,,,,,,0.0
739,LINDHOLM Ingrid,SWE,,,,,,0.0,,,,,,,,,,,,,,0.0
742,KEUSCH Zoe,SUI,,,0.0,,,,,,,,,,,,,,,,,0.0
742,TEIJEIRO CALDERON Nuria,ESP,,,,,,0.0,,,,,,,,,,,,,,0.0
744,MIKELIC Lara,CRO,,,,0.0,,,,,,,,,,,,,,,,0.0
744,REDEL ADEVA Cayetana,ESP,,,,,,0.0,,,,,,,,,,,,,,0.0
746,ALBRECHT Giulia,GER,,,0.0,,,,,,,,,,,,,,,,,0.0
746,ORTEGA LOPEZ Maria,ESP,,,,,,0.0,,,,,,,,,,,,,,0.0
748,TORRISI Sofia,ITA,,,,,,0.0,,,,,,,,,,,,,,0.0
748,JURT Katharina,SUI,,,0.0,,,,,,,,,,,,,,,,,0.0
750,CHENNELLS Poppy,GBR,,,0.0,,,,,,,,,,,,,,,,,0.0
750,HEINRICHS Aaliyah,USA,,,,,,0.0,,,,,,,,,,,,,,0.0
752,APRIAMASHVILI Mariami,GEO,,,,,,0.0,,,,,,,,,,,,,,0.0
753,PETRENKO Hanna,UKR,,,0.0,,,0.0,,,,,,,,,,,,,,0.0
754,ORTEGA MORILLAS Carmen,ESP,,,,,,0.0,,,,,,,,,,,,,,0.0
755,DE PREUX Audrey,SUI,,,0.0,,,,,,,,,,,,,,,,,0.0
755,SIMCIC Ela,SLO,,,,0.0,,,,,,,,,,,,,,,,0.0
757,GOMEZ MARTIN Rebeca,ESP,,,,,,0.0,,,,,,,,,,,,,,0.0
758,AL NAHLA Lamar,UAE,,,,0.0,,,,0.0,,,,,,,,,,,0.0,0.0
759,PEREIRO CONCHA Vera,ESP,,,,,,0.0,,,,,,,,,,,,,,0.0
760,PEDROSA MATEOS Belen,ESP,,,,,,0.0,,,,,,,,,,,,,,0.0
760,ODOLO Kathrin,SUI,,,0.0,,,,,,,,,,,,,,,,,0.0
762,NAVARRO NUNEZ Marta,ESP,,,,,,0.0,,,,,,,,,,,,,,0.0
762,KUJUNDZIC Nora,CRO,,,,0.0,,,,,,,,,,,,,,,,0.0
762,KEISER Lena,SUI,,,0.0,,,,,,,,,,,,,,,,,0.0
765,VUKOJEVIC Andrea,CRO,,,,0.0,,,,,,,,,,,,,,,,0.0
765,RIADI Salema,SUI,,,0.0,,,,,,,,,,,,,,,,,0.0
765,GABRIC Antea,CRO,,,,0.0,,,,,,,,,,,,,,,,0.0
765,MENG Yifan,CHN,,,,,,,,,,,,,0.0,,,,,,,0.0
769,MORENO BASURTO Isabel,ESP,,,,,,0.0,,,,,,,,0.0,,,,,,0.0
770,IZMAYLOVA Maria,NOR,,,0.0,,,,,,,,,,,,,,,,,0.0
771,ALSHAMMA Reem,UAE,,,,0.0,,,,,,,,,,,,,,,,0.0
771,CHALKHAASUREN Enkhbadral,MGL,,,0.0,,,,,,,,,,,,,,,,,0.0
771,GRIGALIUNAS CAMPOMANES Clara,ESP,,,,,,0.0,,,,,,,,,,,,,,0.0
774,FLITMAN Gabrielle,MEX,,,,,,,,,,,,,0.0,,,,,,0.0,0.0
775,POLJAK Lena Marija,CRO,,,,0.0,,,,,,,,,,,,,,,,0.0
775,MOREL Viktoria,BUL,,,,,,0.0,,,,,,,,,,,,,,0.0
775,SCHLEGEL Lena,GER,,,0.0,,,,,,,,,,,,,,,,,0.0
778,BESTER Natania,RSA,,,0.0,,,0.0,,,,,,,,,,,,,,0.0
779,JAKSIC KOVAC Sara,CRO,,,,0.0,,,,,,,,,,,,,,,,0.0
779,VANDAELE Anais,FRA,,,0.0,,,,,,,,,,,,,,,,,0.0
781,CAROUSSOS Symi,CAN,,,,,,,,,,,,,0.0,,,,,,,0.0
781,CRISTIA CAMPOMANES Ines,ESP,,,,,,0.0,,,,,,,,,,,,,,0.0
783,CAMPOS ESQUIVEL Andrea,CRC,,,,,,,,,,,,,0.0,,,,,,,0.0
783,MORENO VALIENTE Juliana Sofia,ESP,,,,,,0.0,,,,,,,,,,,,,,0.0
783,OSWALD Magda,CRO,,,,0.0,,,,,,,,,,,,,,,,0.0
786,BRAVO LLINARES Marta,ESP,,,,,,0.0,,,,,,,,,,,,,,0.0
787,LOPEZ BELLIDO Natalia,ESP,,,,,,0.0,,,,,,,,,,,,,,0.0
788,JANEZ QUINTANILLA Lucia,ESP,,,,,,0.0,,,,,,,,,,,,,,0.0
789,ALVAREZ APARICIO Eva,ESP,,,,,,0.0,,,,,,,,,,,,,,0.0
790,VALLADARES PUERTA Sofia,VEN,,,,,,,,,,,,,0.0,,,,,,,0.0
790,DEL PESO OROPESIANO Alejandra,ESP,,,,,,0.0,,,,,,,,,,,,,,0.0
792,DANG Aria,USA,,,,,,0.0,,,,,,,,,,,,,,0.0
792,CASTRO NIAMPIRA Paula Isabella,COL,,,,,,,,,,,,,0.0,,,,,,,0.0
794,RACEU Cristina,ROU,,,,,,0.0,,,,,,,,,,,,,,0.0
795,LOZANO OLARTE Laskmi Natalia,COL,,,,,,,,,,,,,0.0,,,,,,,0.0
795,PRIETO LUNA Irene,ESP,,,,,,0.0,,,,,,,,,,,,,,0.0
797,MARI VILACHA Ariadna,ESP,,,,,,0.0,,,,,,,,,,,,,,0.0
798,NARVAEZ LOZANO Katrin Alejandra,COL,,,,,,,,,,,,,0.0,,,,,,,0.0
798,LOZANO PORRAS Lucia,ESP,,,,,,0.0,,,,,,,,,,,,,,0.0
800,FLORES Melina,MEX,,,,,,,,,,,,,0.0,,,,,,,0.0
801,CANO DIOSA Rosa Maria,ESP,,,,,,,,,,,,,0.0,,,,,,,0.0
801,CABALLERO SOLCHAGA Paula,ESP,,,,,,0.0,,,,,,,,,,,,,,0.0
801,RUIZ GARRIDO Estela Patricia,ESP,,,,,,0.0,,,,,,,,,,,,,,0.0
804,FERNANDEZ ANTON Alba,ESP,,,,,,0.0,,,,,,,,,,,,,,0.0
805,GARCIA BLANCO Paula,ESP,,,,,,0.0,,,,,,,,,,,,,,0.0
805,CANO JIMENEZ Ivana Gabriela,COL,,,,,,,,,,,,,0.0,,,,,,,0.0
807,DE CUENCA ALONSO Elena,ESP,,,,,,0.0,,,,,,,,,,,,,,0.0
807,ZULUAGA ZULUAGA Sofia,COL,,,,,,,,,,,,,0.0,,,,,,,0.0
809,SALMINEN Sara,FIN,,,,,,,,0.0,0.0,,,0.0,,0.0,,,,,,0.0
810,SANCHEZ TATTI Rocio,ESP,,,,,,0.0,,,,,,,,,,,,,,0.0
810,BUSTOS LONDOÑO DANIELA ALEJANDRA,COL,,,,,,,,,,,,,0.0,,,,,,,0.0
812,VARELA PELEGRI Marta,ESP,,,,,,0.0,,,,,,,,,,,,,,0.0
813,RODRIGUEZ SIERRA ISABELLA,COL,,,,,,,,,,,,,0.0,,,,,,,0.0
814,PROKSIKOVA Patricie,CZE,,,,,,,0.0,,0.0,,,0.0,,,,,,,,0.0
815,WANG XINYU,CHN,,,,,,,,,,0.0,,,,,,,,,,0.0
816,TORRES Reychell,CRC,,,,,,,,,,,,,0.0,,,,,,,0.0
817,LIM Cheryl,SGP,,,,,,,,0.0,0.0,,,,,,,,,,,0.0
818,WANG Cheelyn,AUS,,,,,,,,,,0.0,,,,,,,,,0.0,0.0
819,VILLAMARIN ZAMUDIO Manuela,COL,,,,,,,,,,,,,0.0,,,,,,,0.0
819,WEN CHENGCHENG,CHN,,,,,,,,,,0.0,,,,,,,,,,0.0
821,RUIZ NINO Maria Alejandra,COL,,,,,,,,,,,,,0.0,,,,,,,0.0
821,REYES Daniela,COL,,,,,,,,,,,,,0.0,,,,,,,0.0
823,BLANCO SANCHEZ Melanny,COL,,,,,,,,,,,,,0.0,,,,,,,0.0
824,MAHARABAM Stella Devi,IND,,,,,,,,,0.0,,0.0,,,,,,,,,0.0
825,GALPER Eva,ISR,,,,,,,0.0,,,,,,,,,,,,,0.0
825,BALAZS Luca,CAN,,,,,,,0.0,,,,,,,,,,,,,0.0
825,PAREJA GONZALEZ ALEJANDRA,COL,,,,,,,,,,,,,0.0,,,,,,,0.0
828,BIAN JINYAN,CHN,,,,,,,,,,0.0,,,,,,,,,,0.0
829,ORTEGA Patricia,MEX,,,,,,,,,0.0,,,0.0,,0.0,,,,,,0.0
830,MA Sophie,CAN,,,,,,,0.0,,,0.0,,,,,,,,,,0.0
831,CHAN Chit Ying,HKG,,,,,,,,,,0.0,,,,,,,,,,0.0
832,TANG Ying Suet,HKG,,,,,,,,,,0.0,,,,,,,,,,0.0
833,KLIMENKO Anna,EST,,,,,,,0.0,,,,,,,,,,,,,0.0
834,ZHU LIAOQI,CHN,,,,,,,,,,0.0,,,,,,,,,,0.0
835,ZABELINA Anastasiia,RUS,,,,,,,,,,0.0,,,,,,,,,,0.0
835,COOPER Claire,NZL,,,,,,,,,,,,,,,,,,,0.0,0.0
837,ALAMIRI Dhay,KSA,,,,,,,,,0.0,,,,,,,,,,,0.0
838,ZHANG Anxin,CHN,,,,,,,,,,0.0,,,,,,,,,,0.0
839,HEINZ Vanessa,GER,,,,,,,,,0.0,,,,,,,,,,,0.0
840,ALI Shaikha,QAT,,,,,,,,,0.0,,,,,,,,,,,0.0
841,GORNOVSKY Abigail,CAN,,,,,,,0.0,,,,,,,,,,,,,0.0
842,ZINYAKOVA Natalya,KAZ,,,,,,,,0.0,0.0,,0.0,,,,,,,,,0.0
843,WANG Ziyu,CHN,,,,,,,,,,0.0,,,,,,,,,,0.0
843,KHORASANI Fateme,IRI,,,,,,,,0.0,,,,,,,,,,,,0.0
845,JOYAL Anne-Sophie,CAN,,,,,,,0.0,,,,,,,,,,,,,0.0
845,PERELIUBSKAIA Mariia,KGZ,,,,,,,,,,,0.0,,,,,,,,,0.0
847,CHAN Tsz Ching,HKG,,,,,,,0.0,,,,,,,,,,,,,0.0
847,SALAMEH Sasha,LBN,,,,,,,,,0.0,,,,,,,,,,,0.0
847,BUYANJARGAL Bulten,MGL,,,,,,,,,,,,,,,,,,,0.0,0.0
850,MARX Charlotte,GER,,,,,,,,,,,0.0,0.0,,0.0,,,,,,0.0
851,ZUBAYDULLOEVA Marjona,UZB,,,,,,,,0.0,,,,,,,,,,,,0.0
851,PAN Sara,AUS,,,,,,,,,,0.0,,,,,,,,,,0.0
853,UPTON Megan,GBR,,,,,,,,,0.0,,,,,,,,,,,0.0
853,DAMDINPUREV Mercy,MGL,,,,,,,,,,,,,,,,,,,0.0,0.0
855,KE ZIYUE,CHN,,,,,,,,,,0.0,,,,,,,,,,0.0
856,SEYED REZAEE Seyedeh Sara,IRI,,,,,,,,0.0,,,,,,,,,,,,0.0
857,NG Yuen Lam,HKG,,,,,,,,,,0.0,,,,,,,,,,0.0
857,LIU TIANXI,CHN,,,,,,,,,,0.0,,,,,,,,,,0.0
859,LINS Elsie,NZL,,,,,,,,,,,,,,,,,,,0.0,0.0
859,LEE En Qi,SGP,,,,,,,,,0.0,,,,,,,,,,,0.0
859,AL MAADEED Fatima,QAT,,,,,,,,,0.0,,,,,,,,,,,0.0
859,LAI Amanda,TPE,,,,,,,0.0,,,,,,,,,,,,,0.0
859,WANG Chloe,USA,,,,,,,,,,0.0,,,,,,,,,,0.0
864,SOLOMON Izabella,NZL,,,,,,,,,,,,,,,,,,,0.0,0.0
864,WEI XIAORAN,CHN,,,,,,,,,,0.0,,,,,,,,,,0.0
866,LIN Leona,TPE,,,,,,,,,,0.0,,,,,,,,,,0.0
866,MATAYEVA Aysenem,TKM,,,,,,,,,,,,,,,,,,,0.0,0.0
868,AL-ABDULLA Thkrayat,QAT,,,,,,,,0.0,0.0,,,,,,,,,,,0.0
869,TWEDDLE Sophia,NZL,,,,,,,,,,,,,,,,,,,0.0,0.0
869,ELSHEIKH Salma,EGY,,,,,,,,0.0,,,,,,,,,,,,0.0
871,AL-ABDULLA Wadha,QAT,,,,,,,,,0.0,,,,,,,,,,,0.0
871,WONG Sze Yan Nicole,HKG,,,,,,,,,,0.0,,,,,,,,,,0.0
873,GARAYEVA Diana,TKM,,,,,,,,,,,,,,,,,,,0.0,0.0
874,KARIPOVA Lyazzat,KAZ,,,,,,,,0.0,,,0.0,0.0,,,,,,,,0.0
875,MILAČIĆ FOLIĆ Snežana,MNE,,,,,,,,,,,,,,,,,,,0.0,0.0
875,NDJAVERA Varivo,NAM,,,,,,,,,,,,,,,,,,,0.0,0.0
875,LESSOVSKAYA Mariya,KAZ,,,,,,,,,,,0.0,,,,,,,,,0.0
875,BALAKRISHNAN Trisha,USA,,,,,,,,,,0.0,,,,,,,,,,0.0
879,AINA Ainur,KAZ,,,,,,,,,,,0.0,,,,,,,,,0.0
879,STOJAKOVIC Lola,CAN,,,,,,,0.0,,,,,,,,,,,,,0.0
881,LI Zhenni,CAN,,,,,,,0.0,0.0,,0.0,,,,,,,,,,0.0
882,BURKO Karina,KAZ,,,,,,,,,,,0.0,,,,,,,,,0.0
882,LIN Evelyn,TPE,,,,,,,,,,0.0,,,,,,,,,,0.0
884,RAMIREZ Josefina,MEX,,,,,,,0.0,,,,,,,,,,,,,0.0
885,LEE Chuan Ling Michelle,SGP,,,,,,,,,,0.0,,,,,,,,,,0.0
886,KRASSIKOVA Kristina,KAZ,,,,,,,,,,,0.0,,,,,,,,,0.0
886,MANSUROVA Madinabonu,UZB,,,,,,,,,,,0.0,,,,,,,,,0.0
886,DOUCI-HABANE Meriem,MAR,,,,,,,0.0,,,,,,,,,,,,,0.0
889,KONG Mila,CAN,,,,,,,0.0,,,,,,,,,,,,,0.0
890,CHEN Janet,CAN,,,,,,,0.0,0.0,,,,,,,,,,,,0.0
891,SAMRATOVA Saera,KGZ,,,,,,,,,,,0.0,,,,,,,,,0.0
892,USMONOVA NARGIZA,UZB,,,,,,,,0.0,,,,,,,,,,,,0.0
893,ALHATAMLEH Zain,JOR,,,,,,,,0.0,,,,,,,,,,,,0.0
894,ALIBEKOVA Assel,KAZ,,,,,,,,,,,0.0,,,,,,,,,0.0
895,ELLIS Sarah Tahra,MAR,,,,,,,0.0,,,,,,,,,,,,,0.0
896,SVANIDZE Tatiana,GEO,,,,,,,,,,,0.0,,,,,,,,,0.0
896,ELSAYED Jana,EGY,,,,,,,,0.0,,,,,,,,,,,,0.0
898,HANY Mennalla,EGY,,,,,,,,0.0,,,,,,0.0,,,,,,0.0
899,SAMATOVA Amina,KAZ,,,,,,,,,,,0.0,,,,,,,,,0.0
899,EGAN Katarina,AUS,,,,,,,,0.0,,,,,,,,,,,,0.0
901,LIU Bai Han,CAN,,,,,,,0.0,,,,,,,,,,,,,0.0
902,FROLOVA Arina,KAZ,,,,,,,,,,,0.0,,,,,,,,,0.0
903,SERIKOVA Sabina,KAZ,,,,,,,,,,,0.0,,,,,,,,,0.0
904,GABER Shirwit,EGY,,,,,,,,0.0,,,,,,,,,,,,0.0
905,FOMINA Kristina,KAZ,,,,,,,,,,,0.0,,,,,,,,,0.0
906,SALAH NUJOOD,UAE,,,,,,,,0.0,,,,,,,,,,,,0.0
907,YERMEKKYZY Nuray,KAZ,,,,,,,,,,,0.0,,,,,,,,,0.0
907,MIKLENDOVA Valerie,CZE,,,,,,,,,,,,0.0,,,,,,,,0.0
909,ELKBIR YOSSR,TUN,,,,,,,,0.0,,,,,,,,,,,,0.0
909,MISHENINA Valeriya,KAZ,,,,,,,,,,,0.0,,,,,,,,,0.0
909,ALMESMARY Dana,UAE,,,,,,,,0.0,,,,,,,,,,,,0.0
912,KIZUB Alexandra,KAZ,,,,,,,,,,,0.0,,,,,,,,,0.0
912,CHERNOVA Anfissa,KAZ,,,,,,,,,,,0.0,,,,,,,,,0.0
914,ALALEELI Roudha,UAE,,,,,,,,0.0,,,,,,,,,,,,0.0
915,ALSUWAIDI Alyazya,UAE,,,,,,,,0.0,,,,,,,,,,,,0.0
915,UMAEVA Hava,KAZ,,,,,,,,,,,0.0,,,,,,,,,0.0
917,BATYRBEK Anastassiya,KAZ,,,,,,,,,,,0.0,,,,,,,,,0.0
918,ILYES Jazmin,ROU,,,,,,,,,,,,0.0,,,,,,,,0.0
919,REMBI Rubeen,FRA,,,,,,,,,,,,,,0.0,,,,,,0.0
920,LIXANDRU Nicole,ESP,,,,,,,,,,,,,,0.0,,,,,,0.0
921,VAINBERG Sophia,ISR,,,,,,,,,,,,,,0.0,,,,,,0.0
922,FABIAN Kamilla,HUN,,,,,,,,,,,,0.0,,,,,,,,0.0
923,NEBALD Franciska Zita,HUN,,,,,,,,,,,,0.0,,,,,,,,0.0
924,KURTINECZ Julia,ROU,,,,,,,,,,,,0.0,,,,,,,,0.0
925,KURTINECZ Johanna,ROU,,,,,,,,,,,,0.0,,,,,,,,0.0
926,BARTOSKOVA Adela,CZE,,,,,,,,,,,,0.0,,,,,,,,0.0
927,PIZZUTI-LAMMER Julia,AUT,,,,,,,,,,,,0.0,,0.0,,,,,,0.0
928,BLACK Abagael,GBR,,,,,,,,,,,,,,0.0,,,,,,0.0
929,HOMMA Mizuki,JPN,,,,,,,,,,,,0.0,,,,,,,,0.0
930,RENDA Eden Rose,SWE,,,,,,,,,,,,0.0,,0.0,,,,,,0.0
931,BORGARUCCI Juliana,ARG,,,,,,,,,,,,,,0.0,,,,,,0.0
932,ROH Seungkyoung,KOR,,,,,,,,,,,,,,0.0,,,,,,0.0
933,HOEFFERER Marie,AUT,,,,,,,,,,,,0.0,,0.0,,,,,,0.0
934,TICKLE Wynter,NZL,,,,,,,,,,,,,,0.0,,,,,,0.0
935,COSTE Teodora,ROU,,,,,,,,,,,,,,0.0,,,,,,0.0
936,GRANT Lucy,GBR,,,,,,,,,,,,,,0.0,,,,,,0.0
937,DABHADE Khushi,IND,,,,,,,,,,,,,,0.0,,,,,,0.0
938,BOUFARES Khadija,MAR,,,,,,,,,,,,,,0.0,,,,,,0.0
939,BALL Ella,AUS,,,,,,,,,,,,,,0.0,,,,,,0.0
