Rank,Name,Nat.,")AS(
amanaM
90/60",")AS(
araosimiT
90/12",")AS(
madretsmA
90/82",")AS(
orienaJ
ed
oiR
01/50",")AS(
eropagniS
01/21",")AS(
niromaS
01/81",")AS(
enolecraB
01/52",")A(
acrollaM
ed
amlaP
11/60",")A(
nasuB
21/50",")A(
gnoK
gnoH
10/90",")PG(
niruT
20/50",")PG(
amiL
30/12",")A(
oriaC
40/71",")A(
lubnatsI
50/10",")PG(
iahgnahS
50/61",")ZHC(
najdibA
60/10",")ZHC(
amiL
60/51",")ZHC(
ynotnA
60/71",")ZHC(
ihleD
60/91",")MHC(
gnoK
gnoH
70/42",Points
1,FAVARETTO Martina,ITA,,,,,,,,32.0,20.0,8.0,,30.0,32.0,32.0,12.0,,,6.0,,80.0,232.0
2,BATINI Martina,ITA,,,,,,,,2.0,32.0,4.0,48.0,3.0,26.0,8.0,48.0,,,12.0,,35.0,209.0
3,UENO Yuka,JPN,,,,,,,,26.0,26.0,8.0,12.0,3.0,4.0,8.0,39.0,,,,48.0,50.0,209.0
4,ERRIGO Arianna,ITA,,,,,,,,8.0,4.0,8.0,39.0,12.0,14.0,26.0,6.0,,,39.0,,65.0,203.0
5,SCRUGGS Lauren,USA,,,,,,,,4.0,20.0,4.0,6.0,39.0,2.0,8.0,12.0,,30.0,,,35.0,150.0
6,KIKUCHI Komaki,JPN,,,,,,,,20.0,14.0,14.0,30.0,3.0,4.0,4.0,12.0,,,,30.0,20.0,140.0
7,CRISTINO Anna,ITA,,,,,,,,4.0,14.0,,3.0,3.0,14.0,14.0,30.0,,,12.0,,35.0,123.0
8,AZUMA Sera,JPN,,,,,,,,2.0,4.0,8.0,30.0,3.0,20.0,2.0,6.0,,,,39.0,10.0,117.0
9,MARTYANOVA Marta,RUS,,,,,,,,14.0,4.0,20.0,3.0,,2.0,2.0,30.0,,,21.0,,20.0,112.0
10,STUTCHBURY Carolina,USA,,,,,,,,8.0,8.0,4.0,,,8.0,14.0,12.0,,39.0,,,20.0,109.0
11,HARVEY Eleanor,CAN,,,,,,,,20.0,14.0,4.0,6.0,,,,6.0,,48.0,,,10.0,108.0
12,KIEFER Lee,USA,,,,,,,,4.0,8.0,32.0,12.0,6.0,8.0,4.0,3.0,,30.0,,,,96.0
13,VOLPI Alice,ITA,,,,,,,4.0,2.0,1.0,8.0,6.0,48.0,14.0,8.0,12.0,,,,,,90.0
14,SOPIT Olga,UKR,,,,,,,,2.0,1.0,8.0,3.0,21.0,0.5,2.0,,,,48.0,,5.0,89.0
15,PASZTOR Flora,HUN,,,,,,1.0,,2.0,8.0,4.0,6.0,21.0,2.0,4.0,6.0,,,21.0,,20.0,86.0
16,TSUJI Sumire,JPN,,,,,,,,4.0,4.0,2.0,12.0,6.0,8.0,8.0,21.0,,,,21.0,5.0,81.0
17,POLOZIUK Alina,UKR,,4.0,,,,,2.0,1.0,0.5,2.0,3.0,,2.0,2.0,3.0,,,12.0,,50.0,76.0
18,RANVIER Pauline,FRA,,,,,,,,14.0,2.0,2.0,6.0,3.0,2.0,20.0,21.0,,,6.0,,5.0,75.0
19,PENIUSHKINA Vladislava,RUS,,,,,4.0,,,0.5,1.0,2.0,0.75,,4.0,20.0,1.5,,,30.0,,10.0,71.5
20,HAYES Nadia,CAN,,,,,,,,2.0,0.5,2.0,,3.0,,1.0,6.0,,21.0,,,35.0,70.0
21,MIYAWAKI Karin,JPN,,,,,,,,0.0,0.5,14.0,21.0,6.0,1.0,4.0,21.0,,,,,,66.0
22,PARK Jihee,KOR,,,,,,,,0.5,4.0,8.0,12.0,6.0,4.0,0.5,0.75,,,,12.0,20.0,66.0
23,MO Byeoli,KOR,,,,,,,,2.0,2.0,0.5,21.0,12.0,0.5,1.0,1.5,,,,21.0,5.0,64.5
24,CHAN Nok Sze Daphne,HKG,,,,,,,,2.0,2.0,2.0,6.0,6.0,4.0,2.0,1.5,,,,30.0,10.0,60.0
25,SENIC Adeline,MDA,,,1.0,,,,,2.0,1.0,2.0,,12.0,4.0,4.0,6.0,,,12.0,,20.0,60.0
26,CONWAY Josephina,USA,,,,,,,,8.0,2.0,8.0,6.0,3.0,4.0,1.0,0.75,,21.0,,,10.0,60.0
27,MYRONIUK Dariia,UKR,,3.0,,,,2.0,,1.0,1.0,4.0,21.0,3.0,2.0,0.5,1.5,,,21.0,,5.0,59.0
28,LACHERAY Eva,FRA,,,,,,,,8.0,2.0,2.0,6.0,12.0,14.0,8.0,6.0,,,6.0,,5.0,59.0
29,PATRU Morgane,FRA,,,,,,,,4.0,4.0,20.0,6.0,6.0,2.0,2.0,6.0,,,6.0,,10.0,58.0
30,MARINO Maria,ESP,,,,,,,0.25,1.0,8.0,4.0,0.75,3.0,2.0,4.0,3.0,,,30.0,,5.0,57.0
31,SINIGALIA Martina,ITA,,,,,,,,14.0,2.0,14.0,21.0,3.0,4.0,4.0,3.0,,,,,,57.0
32,AMR HOSSNY Sara,EGY,,,,,,,,0.25,,,0.75,3.0,,,,48.0,,,,0.0,52.0
33,TAKEYAMA Yuzuha,JPN,,,,,,,,2.0,2.0,4.0,12.0,6.0,8.0,4.0,21.0,,,,,,51.0
34,KONDRICZ Kata,HUN,,,,,,0.5,,2.0,2.0,2.0,1.5,12.0,4.0,14.0,1.5,,,6.0,,10.0,50.0
35,LIU Jaelyn,USA,,,,,,,,2.0,2.0,4.0,12.0,3.0,2.0,4.0,6.0,,,,,20.0,49.0
36,EBERT Leonie,GER,,,,,,,,,,,0.75,21.0,1.0,4.0,6.0,,,6.0,,10.0,48.75
37,PALUMBO Francesca,ITA,,,,,,,,8.0,4.0,26.0,,,2.0,4.0,6.0,,,,,,48.0
38,ESTEBAN Maxine Isabel,CIV,2.0,,,2.0,,,0.25,1.0,0.0,0.5,0.75,1.5,0.5,0.0,,39.0,,,,,46.25
39,LUNG Katerina,USA,,,,,,,,1.0,8.0,1.0,,30.0,4.0,2.0,,,,,,,45.0
40,THIBUS Ysaora,FRA,,,,,,,,4.0,2.0,14.0,3.0,6.0,8.0,4.0,3.0,,,6.0,,2.5,44.5
41,MORANDI Carlotta,GER,,,0.5,,,1.0,,2.0,2.0,4.0,3.0,12.0,4.0,2.0,1.5,,,12.0,,5.0,42.0
42,FU Yingying,CHN,,,,,,,,,2.0,1.0,,,0.5,0.25,6.0,,,,21.0,10.0,40.75
43,KLEIBRINK Anne,GER,,,,,,,,14.0,4.0,4.0,6.0,12.0,,,,,,,,,40.0
44,BERTINI Irene,ITA,,,,,,,1.0,2.0,8.0,0.5,6.0,21.0,2.0,,,,,,,,39.0
45,JAKUBOWSKA Marta,POL,,,,,,,,0.5,0.25,,,,20.0,1.0,,,,12.0,,5.0,38.75
46,HUANG Qianqian,CHN,,,,,,,,,,,,,8.0,2.0,6.0,,,,12.0,10.0,38.0
47,CHENG Hiu Wai Valerie,HKG,,,,,,,,1.0,0.25,1.0,3.0,6.0,1.0,0.5,1.5,,,,21.0,2.5,36.0
48,PAPP Jazmin,HUN,,0.25,,,,0.25,,4.0,0.5,2.0,1.5,,1.0,0.25,,,,21.0,,5.0,35.0
49,GUO Jessica Zi Jia,CAN,,,,,,,,,,,,,,,3.0,,12.0,,,20.0,35.0
50,ZHANG Siqi,CHN,,,,,,,,,0.25,2.0,12.0,,2.0,1.0,6.0,,,,6.0,5.0,34.0
51,SOUSSI Yasmine,TUN,,,,,,,,,,,,,,,,30.0,,,,2.5,32.5
52,ZHANG Yunjia,CAN,,,,,,,,,2.0,1.0,,,,2.0,3.0,,21.0,,,2.5,31.5
53,SIM Soeun,KOR,,,,,,,,4.0,4.0,2.0,0.0,3.0,1.0,0.25,1.5,,,,12.0,5.0,31.5
54,PETROVA Kristina,UKR,,,0.5,,,3.0,,1.0,4.0,2.0,,,2.0,2.0,3.0,,,12.0,,5.0,31.0
55,BLAZE Anita,FRA,,,,,,,,4.0,1.0,2.0,,3.0,8.0,4.0,12.0,,,,,,31.0
56,HANY Noha,EGY,,,,,,,,,,,,,0.5,,,30.0,,,,0.0,30.5
57,LEE Sejoo,KOR,,,,,,,,0.5,1.0,1.0,1.5,3.0,1.0,0.5,12.0,,,,6.0,5.0,29.5
58,SOLOVEVA Anna,RUS,,,,,3.0,,,2.0,2.0,1.0,0.75,,4.0,8.0,1.5,,,,,10.0,29.0
59,LEUNG Ya Lei Janelle,HKG,,,,,,,,,,0.25,1.5,1.5,2.0,0.5,1.5,,,,12.0,10.0,29.0
60,FERRARI Carlotta,ITA,,,4.0,,,,3.0,8.0,4.0,2.0,3.0,3.0,2.0,8.0,3.0,,,,,,27.0
61,BULCAO Ana Beatriz,BRA,,,,4.0,,,,1.0,,,1.5,1.5,2.0,1.0,,,12.0,,,5.0,27.0
62,GRANDIS Aurora,ITA,,,,,,,2.0,2.0,2.0,4.0,3.0,6.0,2.0,2.0,12.0,,,,,,27.0
63,RHODES Zander,USA,,,,,,,,4.0,14.0,2.0,,,4.0,2.0,1.5,,,,,,26.0
64,TUCKER Ariadna,ESP,,,,,,,0.25,2.0,1.0,2.0,12.0,,1.0,4.0,,,,0.0,,5.0,26.0
65,BERTHIER Amita,SGP,,,,,2.0,,,4.0,0.5,4.0,0.75,,2.0,4.0,3.0,,,,6.0,2.5,25.5
66,NAGASE Rino,JPN,,,,,,,,1.0,2.0,4.0,3.0,1.5,2.0,14.0,0.75,,,,,,25.0
67,NAYL Emmie,FRA,,,0.5,,,,0.5,8.0,2.0,1.0,1.5,3.0,8.0,1.0,3.0,,,,,,24.0
68,CATANTAN Samantha Kyle,PHI,,,0.25,,,,0.0,2.0,,0.5,3.0,,,,,,,,12.0,5.0,22.75
69,AKTAYEVA Sofiya,KAZ,,,,,,,,0.5,1.0,0.5,0.375,,,0.5,3.0,,,,12.0,5.0,22.5
70,KHALED Lojain,EGY,,,,,,,,,,,,,0.0,,,21.0,,,,1.25,22.25
71,DIAZ Maria Teresa,ESP,,,,,,,0.25,2.0,2.0,4.0,3.0,3.0,2.0,2.0,1.5,,,3.0,,5.0,22.0
72,LUPKOVICS Dora,HUN,,,,,,0.5,,4.0,,,0.75,3.0,4.0,1.0,1.5,,,3.0,,5.0,21.5
73,KONTOCHRISTOPOULOU Aikaterini-Maria,GRE,,,,,,,,1.0,,0.5,1.5,,0.5,1.0,1.5,,,6.0,,10.0,21.5
74,ZEBOUDJ Sonia,ALG,,,,,,,,,,,,,,,,21.0,,,,0.0,21.0
75,CHEUNG Kemei,SGP,,,,,1.0,,,2.0,1.0,1.0,1.5,,1.0,,0.0,,,,12.0,2.5,21.0
76,COLY Safietou Inna Namiya,SEN,,,,,,,,,,,,,,,,21.0,,,,0.0,21.0
77,REBOLLEDO Melissa,MEX,,,,,,,,,,,,0.0,,,,,21.0,,,,21.0
78,MC CABE Sacha,RSA,,,,,,,,,,,,,,,,21.0,,,,,21.0
79,CATARZI Constance,FRA,,,,,,,,4.0,4.0,4.0,3.0,6.0,1.0,2.0,3.0,,,,,,21.0
80,MOLINARI Matilde,ITA,,,,,,,,,,,1.5,12.0,2.0,2.0,3.0,,,,,,20.5
81,WONG Maxine Jie Xin,SGP,,,,,0.5,,,0.25,1.0,1.0,3.0,,1.0,0.0,3.0,,,,6.0,5.0,20.0
82,VOLOBUEVA Polina,UZB,,,,,,,,,,,,3.0,0.5,0.5,0.0,,,,6.0,10.0,20.0
83,MAMEDOVA Aila,RUS,,,,,1.0,,,0.25,0.0,0.0,0.75,,0.5,4.0,0.0,,,3.0,,10.0,19.5
84,WALCZYK-KLIMASZYK Julia,POL,,,,,,,,,,,1.5,,0.5,1.0,,,,6.0,,10.0,19.0
85,SONG Yue,CHN,,,,,,,,,1.0,1.0,,,1.0,2.0,3.0,,,,6.0,5.0,19.0
86,CIPRESSA Erica,FRA,,,,,,,,,,,6.0,6.0,2.0,2.0,3.0,,,,,,19.0
87,KIRSCHEN Kim,GER,,,,,,0.25,0.25,0.5,0.5,0.5,1.5,,1.0,0.5,0.75,,,12.0,,2.5,18.75
88,CALISSI Olga Rachele,CAM,,,,,,,,,,,1.5,,,,,,,,12.0,5.0,18.5
89,CANDESCU Rebeca,ROU,,,,,,,,2.0,,1.0,6.0,3.0,,0.5,,,,6.0,,,18.5
90,CASTRO Ariadna,ESP,,,,,,,0.5,8.0,0.5,1.0,0.75,0.0,0.5,2.0,0.375,,,6.0,,,18.25
91,LEUNG Yan Kiu Zareena,HKG,,,,,,,,,0.25,1.0,3.0,,2.0,1.0,1.5,,,,6.0,2.5,17.0
92,KANO Minami,JPN,,,,,,,,,8.0,1.0,0.75,6.0,0.5,1.0,0.75,,,,,,16.75
93,BLAZIC Dorja,CRO,4.0,,,3.0,,0.5,,0.25,,0.5,1.5,1.5,1.0,0.5,,,,3.0,,2.5,16.5
94,BRUGGER Lilli Maria,AUT,,,,,,2.0,1.0,1.0,0.0,1.0,0.75,1.5,,2.0,1.5,,,6.0,,2.5,16.5
95,TANGHERLINI Elena,ITA,,,,,,,,2.0,4.0,2.0,6.0,1.5,1.0,2.0,0.75,,,,,,16.0
96,PISTOIA Mariana,BRA,,,,0.5,,,,,,,,3.0,0.0,,,,12.0,,,,15.5
97,INOSTROZA Arantza,CHI,,,,1.0,,,,,,,,1.5,0.5,0.25,,,12.0,,,,15.25
98,ZURAWSKA Karolina,POL,,1.0,,,,,0.25,0.25,0.5,0.5,3.0,,2.0,0.5,,,,3.0,,5.0,15.0
99,SCHREIBER Miriam,SWE,,2.0,0.0,,,,0.0,4.0,0.0,0.5,3.0,1.5,0.0,1.0,0.75,,,3.0,,0.0,14.5
100,MANRIQUE GRIMAN Barbara,VEN,,,,,,,,0.0,,,,,,0.0,,,12.0,,,2.5,14.5
101,LORENZI Margherita,ITA,,,,,,4.0,1.0,,,,3.0,6.0,,,,,,,,,14.0
102,DINCA Andreea,ROU,,,0.0,,,0.5,,1.0,2.0,0.5,0.0,,0.5,1.0,0.75,,,6.0,,2.5,13.75
103,TORRES Jimena,MEX,,,,,,,,,,,,1.5,,,,,12.0,,,0.0,13.5
104,WEINTRAUB Maia Mei,USA,,,,,,,,1.0,8.0,2.0,,,,1.0,1.5,,,,,,13.5
105,KANO Arisa,JPN,,,,,,,,4.0,1.0,2.0,3.0,1.5,1.0,0.5,3.0,,,,,,13.5
106,CHO Rebecca,USA,,,,,,,,,1.0,,3.0,6.0,2.0,0.5,1.5,,,,,,13.5
107,KURITZKY Gili,ISR,,,,,,,,2.0,1.0,2.0,,,,,,,,3.0,,5.0,13.0
108,CHALDAIOU Maria-Eleni,GRE,,,,,,,,1.0,,,0.375,,0.0,0.5,0.0,,,6.0,,5.0,12.875
109,GIMENEZ Isis,VEN,,,,,,,,0.25,,,,,,,,,12.0,,,0.0,12.25
110,TANTAST Yasmine,ALG,,,,,,,,,,,,,,,,12.0,,,,,12.0
111,MECHEREK Nour El Eslam,TUN,,,,,,,,,,,,,,,,12.0,,,,0.0,12.0
112,WAHBA Fatema,EGY,,,,,,,,,,,,,0.0,,,12.0,,,,,12.0
113,AHOUMA Grace Sephora,CIV,,,,,,,,,,,,,,,,12.0,,,,,12.0
114,LAMBERT Lisa,RSA,,,,,,,,,,,,,,,,12.0,,,,,12.0
115,LAMEGA Rose Desserama,TOG,,,,,,,,,,,,,,,,12.0,,,,,12.0
115,KOFFI Enni Jennifer Danielle,CIV,,,,,,,,,,,,,,,,12.0,,,,,12.0
117,QUIROGA VARELA Dennis Juliana,COL,,,,,,,,,,,,,,,,,12.0,,,,12.0
118,ANASCHENKOVA Vitalina,RUS,,,,,,,,2.0,1.0,0.5,0.375,,1.0,2.0,6.0,,,,,,12.0
119,TSANG Amelie,GBR,,,0.5,,,,,1.0,,0.5,1.5,,,,,,,3.0,,5.0,11.5
120,YANG Chin Man,TPE,,,,,0.5,,,2.0,0.5,0.5,0.75,3.0,0.0,,0.75,,,,3.0,1.25,11.25
121,CORBU Emilia,ROU,,1.0,0.5,,,0.0,,1.0,0.5,1.0,0.75,,1.0,1.0,0.75,,,6.0,,,11.0
122,ACURERO GONZALEZ Anabella,VEN,,,,,,,,,,,,,,0.0,,,6.0,,,5.0,11.0
123,CHENG Hsin,TPE,,,,,0.25,,,0.5,2.0,0.0,0.75,1.5,0.0,,0.0,,,,6.0,,11.0
124,GEBALA Gabrielle Grace,USA,,,,,,,,0.5,4.0,1.0,3.0,1.5,0.5,1.0,1.5,,,,,,11.0
125,BEZNOSIKOVA Anastasia,RUS,,,,,,,,4.0,0.5,0.5,1.5,,,2.0,3.0,,,,,,11.0
126,TING Ju-Hsuan,TPE,,,,,0.25,,0.5,0.25,0.25,0.25,0.375,0.0,0.5,,0.75,,,,6.0,2.5,10.875
127,CATANTAN Sophia Shekainah,PHI,,,,,2.0,,,,,0.0,,,,,,,,,6.0,2.5,10.5
128,IWAMOTO Reina,JPN,,,,,,,,2.0,2.0,0.5,1.5,3.0,0.0,2.0,,,,,,,10.5
129,ROGER Garance,FRA,,,,,,,,0.25,0.5,1.0,1.5,3.0,1.0,2.0,3.0,,,,,,10.5
130,KIM Hoyeon,KOR,,,,,,,,0.5,0.5,2.0,3.0,0.0,0.5,2.0,3.0,,,,,,10.5
131,AUDIBERT Alicia,FRA,,,1.0,,,,0.5,,,1.0,0.75,3.0,0.5,2.0,3.0,,,,,,10.0
132,ILLEKOVA Michala,CZE,,,0.0,,,0.5,0.25,1.0,,,3.0,,,,,,,0.0,,5.0,9.75
133,ZAGIDULLINA Adelina,RUS,,,,,,,,,,,,,4.0,2.0,0.75,,,3.0,,,9.75
134,KOREN Lihy Peer,ISR,,,,,,,,1.0,0.0,0.25,,,,,,,,6.0,,2.5,9.75
135,GUERRA ACOSTA Laura Julieth,COL,,,,,,,0.0,0.0,,,0.375,,0.5,0.25,,,6.0,,,2.5,9.625
136,PANTANETTI Benedetta,ITA,,,3.0,,,,0.5,,,,6.0,,,,,,,,,,9.5
137,MORALES Georgina,MEX,,,,,,,,,,,,0.75,,,,,6.0,,,2.5,9.25
138,CANTUCCI Gaia,SVK,,,,,,,,0.0,0.25,,0.375,,0.0,0.5,0.0,,,3.0,,5.0,9.125
139,NG Chloe Wanyi,SGP,,,,,0.5,,,0.5,0.5,0.0,0.75,,0.25,,0.75,,,,6.0,,9.0
140,DEVORE Delphine,USA,,,,,,,,0.25,0.5,2.0,,3.0,0.0,2.0,1.5,,,,,,9.0
141,PROESTAKIS Katina,CHI,,,,,,,,,,,,,,,,,6.0,,,2.5,8.5
142,KANUPRIYA Chawla,IND,,,,,,,0.0,,,,,,,,0.0,,,,6.0,2.5,8.5
143,SANTIBANEZ Rafaela,CHI,,,,1.0,,,,,,,,0.0,,0.0,,,6.0,,,1.25,8.25
144,TOLDO Ana,BRA,,,,0.5,,,,,,,,1.5,0.0,0.25,,,6.0,,,,8.25
145,ROUSSEAU Marion,FRA,,,,,,,,2.0,2.0,2.0,0.375,1.5,0.5,,0.0,,,,,,8.0
146,KOZAEVA Polina,RUS,,,,,,,,2.0,2.0,0.25,0.75,,,,3.0,,,,,,8.0
147,LEE Alina,TPE,,,,,,,,1.0,0.0,,,,0.5,,,,,,6.0,0.0,7.5
148,SORIANO Mariana,PER,,,,,,,,,,,,1.5,,,,,6.0,,,,7.5
149,ZHUANG Xinyi,CHN,,,,,,,,1.0,4.0,0.5,1.5,,,0.5,0.375,,,,,,7.5
150,PRIETO Tatiana,COL,,,,,,,,0.0,,,,1.5,,,,,6.0,,,,7.5
151,HO Sejin,KOR,,,,,,,,2.0,2.0,1.0,0.375,,,1.0,1.5,,,,,,7.5
152,OLSZEWSKA Amelia,POL,,,,,,,,0.0,1.0,,3.0,,1.0,0.0,,,,0.0,,2.5,7.5
153,KOLLAR Anna,HUN,,,,,,0.5,,2.0,,2.0,1.5,,1.0,0.5,,,,,,,7.0
154,RIZZAL Surayya,MAS,,,,,0.25,,,,,,,,,,0.75,,,,6.0,0.0,7.0
155,HAN Xiaoxuan,CHN,,,,,,,,,,2.0,,,1.0,1.0,3.0,,,,,,7.0
156,COLLINI Greta,ITA,,,2.0,,,0.25,,,,,1.5,,,,3.0,,,,,,6.75
157,KAGAN TYAGUNOV May,ISR,,,,,,,0.0,0.5,0.25,0.5,,,,,,,,3.0,,2.5,6.75
158,GLASSON Sophia,AUS,,,,,,,,,0.0,0.5,0.0,,,,0.75,,,,3.0,2.5,6.75
159,AYE Keren,FRA,,,,,,,,,,0.25,3.0,,1.0,1.0,1.5,,,,,,6.75
160,KOTHIERINGER Anna Sophie,GER,,,1.0,,,0.0,0.0,0.5,0.5,2.0,0.0,,1.0,1.0,1.5,,,,,,6.5
161,VIANNA Gabriella,BRA,,,,0.5,,,,,,,,0.0,,,,,6.0,,,,6.5
162,MATSUYAMA Aleksandra,POL,,,,,,,,,,2.0,1.5,1.5,0.5,1.0,,,,,,,6.5
163,GOOR Viviene,USA,,,,,,,,,,,3.0,1.5,2.0,,,,,,,,6.5
164,GNOYEVA Alyona,KAZ,,,,,,,,,0.0,,0.0,,,,0.375,,,,6.0,0.0,6.375
165,MONTECINOS Lisa,CHI,,,,2.0,,0.0,0.25,0.0,,,,1.5,0.0,0.0,,,0.0,,,2.5,6.25
166,GABOLA Letizia,ITA,,,,,,0.25,,,,,6.0,,,,,,,,,,6.25
167,SUN Yidan,CHN,,,,,,,,,2.0,2.0,,,0.5,0.25,1.5,,,,,,6.25
168,WANG Yuting,CHN,,,,,,,,,2.0,0.5,,,2.0,0.25,1.5,,,,,,6.25
169,AMORE Giulia,ITA,,,,,,,0.5,,4.0,0.5,0.0,,,1.0,,,,,,,6.0
170,ROSALES Kusi,PER,,,,,,,,,,,,0.0,,,,,6.0,,,,6.0
171,HOEFLER Marie,GER,,,0.25,,,0.0,0.0,0.25,0.5,1.0,1.5,0.0,0.25,1.0,0.75,,,0.0,,1.25,6.0
172,AVELLEIRA Hillary,VEN,,,,,,,,0.0,,,,,,,,,6.0,,,,6.0
173,REBOLLEDO Alondra,MEX,,,,,,,,,,,,0.0,,,,,6.0,,,,6.0
174,LUO Ziyue,CHN,,,,,,,,,,,,6.0,,,,,,,,,6.0
175,ESPINOZA ROQUEZ Daniela Luciana,ARG,,,,,,,,,,,,0.0,,,,,6.0,,,,6.0
176,CHOI Minseo,KOR,,,,,,,,0.0,0.0,,,,,,6.0,,,,,,6.0
177,FUENTES HENRIQUEZ Ariana Belen,ESA,,,,,,,,,,,,,,,,,6.0,,,0.0,6.0
178,VARGAS Alisson,GUA,,,,,,,,,,,,,,,,,6.0,,,,6.0
179,LEUNG Rianne,AUS,,,,,,,,,,0.0,,,,,,,,,6.0,0.0,6.0
180,BRAVO Astrid,PER,,,,,,,,,,,,0.0,,,,,6.0,,,,6.0
181,KOROBEYNIKOVA Larisa,RUS,,,,,,,,,,,,,2.0,1.0,3.0,,,,,,6.0
182,JIAO Enqi,CHN,,,,,,,,,1.0,2.0,,,0.0,0.0,3.0,,,,,,6.0
183,HONG Hyo Jin,KOR,,,,,,,,,0.5,2.0,,3.0,0.5,,,,,,,,6.0
184,VOLSKAIA Arina,RUS,,,,,,,,,,,,,2.0,1.0,3.0,,,,,,6.0
185,TARANENKO Anna,UKR,,0.5,0.25,,,0.25,,0.25,1.0,0.0,0.375,,2.0,2.0,,,,,,,5.875
186,XUE Kirsty,AUS,,,,,,,,,0.25,,,,,,,,,,3.0,2.5,5.75
187,CHAN Ho Ting Ruby,NZL,,,,,,,,,0.0,0.0,0.0,,,,0.75,,,,,5.0,5.75
188,KUAN Yu Ching,HKG,,,,,,,,0.25,1.0,1.0,1.5,1.5,0.0,0.0,0.75,,,,,,5.75
189,BRETEAU Andrea,ESP,,,,,,,0.0,0.0,0.0,0.5,0.375,0.0,1.0,0.5,0.75,,,,,2.5,5.625
190,BUDENKO Kateryna,UKR,,2.0,,,,,,0.5,2.0,0.5,0.0,,0.0,0.5,,,,,,,5.5
191,BIANCHIN Elisabetta,ITA,,1.0,,,,0.5,1.0,,,,3.0,,,,,,,,,,5.5
192,MALYSHEVA Daria,ARM,,,,,,,,,,,,,,,,,,3.0,,2.5,5.5
193,MURALIDHARAN Mayuri,AUS,,,,,,,,,,0.0,,,,,,,,,3.0,2.5,5.5
194,COJOCARI Maria,MDA,,,,,,,,,,,0.75,,,0.5,,,,3.0,,1.25,5.5
195,CARIDE Marta,POR,,,,,,,,,,,,,,,,,,3.0,,2.5,5.5
196,WU Sophia,HKG,,,,,,,,1.0,0.5,0.5,0.375,1.5,0.5,1.0,1.5,,,,,,5.5
197,KU Hio Lam,MAC,,,,,,,,,,,,,,,0.375,,,,,5.0,5.375
198,CIAMPALINI Vittoria,ITA,,,2.0,,,0.0,0.25,,,,3.0,,,,,,,,,,5.25
199,NUMATA Misaki,JPN,,,,,,,,,,,,,2.0,,3.0,,,,,,5.0
200,IIMURA Ayano,JPN,,,,,,,,1.0,1.0,0.0,,3.0,0.0,0.0,,,,,,,5.0
201,SUN Chloe,USA,,,,,,,,,,,,0.0,4.0,,0.75,,,,,,4.75
202,WOLF Eszter,HUN,,,,,,0.25,0.25,2.0,0.25,0.25,0.0,1.5,0.5,,,,,,,,4.5
203,LONGTHONG Naramol,THA,,,,,0.25,,,,,,,,,,0.0,,,,3.0,1.25,4.5
204,LYCZBINSKA Hanna,POL,,,,,,,,0.5,,2.0,0.0,,2.0,0.0,,,,,,,4.5
205,SHI Yue,CHN,,,,,,,,,2.0,1.0,,,1.0,0.5,0.0,,,,,,4.5
206,ANDREYENKA Hanna,BLR,,,,,,,,0.5,,1.0,,3.0,,,,,,,,,4.5
207,WANG Yixi,CHN,,,,,,,,,,,3.0,1.5,,,,,,,,,4.5
208,KUS Natasza,POL,,,0.25,,,,,0.5,0.0,0.0,1.5,,1.0,1.0,,,,,,,4.25
209,ORTIZ SANCHEZ Camila Alexandra,ECU,,,,,,,,,,,,0.0,,,,,3.0,,,1.25,4.25
210,NAOREM Mina Devi,IND,,,,,,,0.0,,,,,,,,0.0,,,,3.0,1.25,4.25
211,SHIN Minchae,KOR,,,,,,,,,1.0,,,,,,3.0,,,,,,4.0
212,MANCINI Camilla,ITA,,,,,,0.25,0.5,1.0,,0.5,1.5,,,,,,,,,,3.75
213,CALVANESE Matilde,ITA,,,0.5,,,,0.25,,,,3.0,,,,,,,,,,3.75
214,ALBLOOSHI Alhayam,UAE,0.5,,,,,,,,,,,,0.0,0.0,,,,,3.0,,3.5
215,CATANTAN Janna Allysah,PHI,,,,,0.25,,,,,0.25,,,,,,,,,3.0,0.0,3.5
216,SHINNAKERDCHOKE Chayanutphat,THA,,,,,,,,0.5,,,,,,0.0,,,,,3.0,,3.5
217,AZUMA Rio,JPN,,,,,,,,,,,,1.5,,2.0,,,,,,,3.5
218,ZHU Linlin,CHN,,,,,,,,,,,,,,0.5,3.0,,,,,,3.5
219,WANG Yiran,CHN,,,,,,,,,2.0,,,,,,1.5,,,,,,3.5
220,LEE Stephanie Tingyi,SGP,,,,,1.0,,,,1.0,0.0,0.0,,1.0,,0.375,,,,,0.0,3.375
221,PINNA Vittoria,ITA,,,,,,0.25,,,,,3.0,,,,,,,,,,3.25
222,ISKANDEROVA Alina,KAZ,,,,,,,,,,,,,,0.25,,,,,3.0,0.0,3.25
223,ANDREYENKA Yana,BLR,,,,,,,,0.25,,,,3.0,,,,,,,,,3.25
224,ZHANG Soleil,CAN,,,,,,,,,1.0,1.0,,,,0.5,0.75,,,,,,3.25
225,WU Jiawei,HKG,,,,,,,,0.5,0.25,0.25,,1.5,0.0,0.25,0.75,,,,,,3.25
226,TIE Zhihe,CHN,,,,,,,,0.5,1.0,1.0,,,,,0.75,,,,,,3.25
227,VINAYAKAM PARANJOTHI Kanagalakshmi,IND,3.0,,,,,,,,,,,,,,,,,,,,3.0
228,SILVA Micaela Sofia,ARG,,,,0.5,,,,,,,,0.0,,,,,,,,2.5,3.0
229,FRANZONI Ludovica,ITA,,,,,,0.0,,,,,3.0,,,,,,,,,,3.0
230,PAULUS Sloane Elizabeth,PHI,,,,,,,0.0,,,,,,,,,,,,3.0,,3.0
231,CASSANELLO Valentina,ARG,,,,,,,,,,,0.0,,,,,,3.0,,,,3.0
232,ESPINOZA ROQUEZ Sofia Lara,ARG,,,,,,,,,,,,,,,,,3.0,,,,3.0
233,MORA MATA Marypaz,CRC,,,,,,,,,,,,,,,,,3.0,,,,3.0
234,STALINRAJ Joys Ashitha,IND,,,,,0.0,,,,,,,,,,0.0,,,,3.0,0.0,3.0
235,HORPENCHENKO Viktoriia,UKR,,,,,,0.0,0.0,1.0,,,1.5,,,0.5,,,,,,,3.0
236,ONG Philippa Jean Ziyi,MAS,,,,,,,,,,,,,,,,,,,3.0,,3.0
237,WAIKHOM Sonia Devi,IND,,,,,,,,,,,,,,,,,,,3.0,0.0,3.0
238,BTADDINI Isabel,QAT,,,,,,,,,,,,,,,,,,,3.0,,3.0
239,XU Ziyi,CHN,,,,,,,,,,,,,,,3.0,,,,,,3.0
240,JELINSKA Martyna,POL,,,,,,,,,,,1.5,,0.5,1.0,,,,,,,3.0
241,JING Emily,USA,,,,,,,,1.0,1.0,1.0,,,,,,,,,,,3.0
242,CHASOVNIKOVA Stefania,RUS,,,,,,,,,,,,,0.5,1.0,1.5,,,,,,3.0
243,ROSSINI Serena,ITA,,,,,,1.0,0.25,,,,1.5,,,,,,,,,,2.75
244,TAVOLA Alessandra,ITA,,1.0,,,,,,,,,1.5,,,,,,,,,,2.5
245,EISTERT Julia,AUT,,0.25,,,,0.5,0.0,0.25,0.0,,0.0,1.5,0.0,0.0,0.0,,,,,,2.5
246,GAVRILENKO Tamara,GBR,,,0.0,,,,0.0,,,,,,,,,,,,,2.5,2.5
247,CASTILLO-BERNAUS Katie,GBR,,,0.0,,,,0.0,0.0,0.0,,0.0,,,,,,,0.0,,2.5,2.5
248,LAM Chi Mei,MAC,,,,,,,,,,,,,,,0.0,,,,,2.5,2.5
249,NEKIFOR Erika,HUN,,0.25,0.5,,,0.25,,1.0,,,,,,0.25,0.0,,,,,,2.25
250,BADAR Szonja,HUN,,,,,,0.0,,0.5,,,0.75,,1.0,,,,,,,,2.25
251,EYER Hailey,USA,,,,,,,,,,,0.75,1.5,,,,,,,,,2.25
252,WOJTAS Hanna,POL,,,,,,,,1.0,0.25,0.5,0.375,,,0.0,,,,,,,2.125
253,AL SIYABI Israa,OMA,2.0,,,,,,,,,,,,,,,,,,,,2.0
254,SUNDUCHKOVA Alexandra,RUS,,,,,,,,2.0,,0.0,0.0,,,,,,,,,,2.0
255,CHOI Yujin,KOR,,,,,,,,,2.0,,,,,,,,,,,,2.0
256,ATMACA Alara,TUR,,,,,,,,,,,0.75,,1.0,0.25,,,,0.0,,,2.0
257,GLEBOVA Ksenia,RUS,,,,,,,,,,,,,,2.0,,,,,,,2.0
258,KIM Kiyeun,KOR,,,,,,,,,2.0,,,,,,,,,,,,2.0
259,CHA Eojin,KOR,,,,,,,,,2.0,,,,,,,,,,,,2.0
260,HONG Seo In,KOR,,,,,,,,,0.5,,1.5,,,,,,,,,,2.0
261,MAYERL Lena,AUT,,0.0,,,,0.25,,0.5,0.25,,0.375,,,0.5,,,,,,,1.875
262,SOPIT Svitlana,UKR,,0.5,,,,0.0,,0.0,,,0.75,,,0.5,,,,,,,1.75
263,TANG Daniella Weng Yan,SGP,,,,,0.25,,,0.0,0.0,0.5,0.75,,0.0,0.25,0.0,,,,,,1.75
264,CHO Euran,KOR,,,,,,,,,,0.25,,1.5,,,,,,,,,1.75
265,MURASE Akari,JPN,,,,,,,,,0.25,,0.75,,,,0.75,,,,,,1.75
266,MOHAMMAD FADLY Nabihah Raiedah,SGP,,,,,0.5,,,,,0.25,0.375,,0.5,,0.0,,,,,,1.625
267,FORGACH Rebeka Liliana,SVK,,0.5,,,,1.0,,,,,,,,,,,,,,,1.5
268,RUSTLER Aline,GER,,0.25,,1.0,,0.0,0.0,0.0,0.0,,0.0,0.0,,0.25,0.0,,,,,,1.5
269,HOLLAND-CUNZ Luca Sarah,GER,,,0.5,,,,,0.25,0.0,,0.75,,,,,,,,,,1.5
270,CHAULLET Mathilde,FRA,,,0.25,,,,0.5,,0.25,,,,,0.5,,,,,,,1.5
271,SADII Anastasiia,UKR,,,,,,0.0,0.25,0.5,,,0.0,,0.5,0.25,,,,,,,1.5
272,GONCHAROVA Veronika,LUX,,,0.0,,,,0.0,0.5,,,0.75,,,0.25,,,,0.0,,,1.5
273,MAROSI Greta,HUN,,,0.0,,,0.0,,0.0,,,1.5,,,,,,,,,,1.5
274,CHEN Qingyuan,CHN,,,,,,,,,,,,,,,1.5,,,,,,1.5
275,DZOBAEVA SOFIYA,RUS,,,,,,,,,,,,,1.0,0.5,,,,,,,1.5
276,ZHANG Yixin,CHN,,,,,,,,,,,,,,,1.5,,,,,,1.5
277,HUANG Yuwen,CHN,,,,,,,,,,,,1.5,,,,,,,,,1.5
278,YANG Emma,USA,,,,,,,,,,,,1.5,,,,,,,,,1.5
279,LI Yitong,CHN,,,,,,,,,,,,,,,1.5,,,,,,1.5
280,LE CHANJOUR Pauline,FRA,,,,,,,,,,,,1.5,,,,,,,,,1.5
281,GARYFALLOU Stavroula Myrsini,GRE,,,,,,,,,,,1.5,,0.0,,,,,,,,1.5
282,HOHENADEL Celia,GER,,,,,,,,0.0,1.0,0.5,,,0.0,,,,,,,,1.5
283,XU Yundi,CHN,,,,,,,,,,,,,,,1.5,,,,,,1.5
284,HERWIG Merle,GER,,,,,,,,,0.5,,,,0.5,0.5,,,,,,,1.5
285,WONG Tatiana Yu Rong,SGP,,,0.0,,1.0,,,0.0,0.0,0.0,0.375,,0.0,,0.0,,,,,,1.375
286,TAKAISHVILI Liza,GEO,,0.0,,,,,,1.0,,,0.375,,,,,,,,,,1.375
287,LOCKE Savannah,CAN,,,,,,,,0.5,,0.0,,0.0,,0.5,0.375,,,,,,1.375
288,KIRSCH Anne,GER,,,,,,,,0.5,,0.5,0.375,,,,,,,,,,1.375
289,KOZLOVA Polina,LAT,,,0.25,,,0.25,,,0.0,,0.75,,,,0.0,,,0.0,,,1.25
290,TAJAN Morgane,FRA,,,,,,,0.25,0.0,1.0,,,,,,,,,,,,1.25
291,WONG Lorraine,HKG,,,,,,,,,0.25,1.0,,,,,0.0,,,,,,1.25
292,SAVEANU Anca,ROU,,,,,,,,0.25,,,,,,1.0,,,,,,,1.25
293,ZHOU Xinyao,HUN,,0.25,,,,0.0,,,,,0.375,,,0.5,,,,,,,1.125
294,GARDNER Georgia,GBR,1.0,0.0,0.0,,0.0,,0.0,0.0,0.0,0.0,0.0,0.0,0.0,0.0,0.0,,,,,,1.0
295,CALDERON Ana Sofia,MEX,,,,1.0,,,,0.0,,,,,,0.0,,,,,,,1.0
296,MAJALI Roaa,JOR,1.0,,,,,,,,,,,,,,,,,,,,1.0
297,ALZAMER Leemar,JOR,1.0,,,,,,,,,,,,,,,,,,,,1.0
297,DI RUSSO Guia,ITA,,,1.0,,,,,,,,,,,,,,,,,,1.0
299,ALTAMIMI Hamda,UAE,1.0,,,,,,,,,,,,,,,,,,,,1.0
300,EVRARD Antonia,CHI,0.5,0.0,,0.5,,,,,,,,,,,,,,,,,1.0
301,GAYDOS Sofia,ESP,,,,,,,0.0,0.0,0.5,0.5,,,,,,,,,,,1.0
302,MOHAMED Aida,HUN,,,,,,0.0,,1.0,,,,,,,,,,,,,1.0
303,JOO Yeongji,KOR,,,,,,,,,1.0,,,,,,,,,,,,1.0
304,ZORINA Irina,RUS,,,,,,,,,,,,,1.0,,,,,,,,1.0
305,TAKEZAWA Shiori,JPN,,,,,,,,0.0,,1.0,,,,,,,,,,,1.0
306,CALISE Ella,USA,,,,,,,,,,,,,,1.0,,,,,,,1.0
307,HU Kaiyun,CHN,,,,,,,,,,,,,1.0,,,,,,,,1.0
308,CHUN Ha-Eune Adelle,CAN,,,,,,,,,1.0,,,,,,,,,,,,1.0
309,FAN Bo Yee,HKG,,,,,,,,,,1.0,,,,,0.0,,,,,,1.0
310,LEE Arin,KOR,,,,,,,,,1.0,,,,,,,,,,,,1.0
311,LEUNG Nga Wun,HKG,,,,,,,,,,1.0,,,,,,,,,,,1.0
312,HAN Areum,KOR,,,,,,,,,1.0,,,,,,,,,,,,1.0
313,RECHER Alice,FRA,,,,,,,,1.0,,,,,,,,,,,,,1.0
314,ZHUANG Xinyi,CHN,,,,,,,,1.0,,,,,,,,,,,,,1.0
315,LAI Hei Ching Holly,HKG,,,,,,,,,,1.0,,,,,,,,,,,1.0
316,TEODOSIU Malina,ROU,,,,,,,,0.5,,,,,,0.5,,,,,,,1.0
317,LEUNG Mei Hang,CAN,,,,,,,,,0.0,0.25,,,,,0.75,,,,,,1.0
318,SONG Yuqiao Aprille,CAN,,,,,,,,0.0,0.25,,0.75,,,,,,,,,,1.0
319,SWEENEY Georgette,AUS,,,,,,,,,0.25,,,,,,0.75,,,,,,1.0
320,LIU Hoi Kiu,HKG,,,,,,,,0.25,0.25,0.0,0.0,,0.5,,,,,,,,1.0
321,HERWIG Finja,GER,,,,,,,,,0.25,,0.0,,,0.0,0.75,,,,,,1.0
322,LAM Xin Ying,SGP,,,,,0.5,,,,,0.0,,,,,0.375,,,,,,0.875
323,STEPOVYK Milana,UKR,,0.5,,,,0.0,,,,,0.0,,,0.25,,,,,,,0.75
324,TEODORESCU Maria,ROU,,0.25,0.0,,,0.25,,0.25,,,0.0,,0.0,0.0,,,,,,,0.75
325,POLONYI Petra,HUN,,0.0,,,,0.25,,0.5,,,0.0,,,0.0,,,,,,,0.75
326,DARDE Cyrielle,FRA,,,,,,,0.0,,,,0.75,,,,,,,,,,0.75
327,SILK Georgia,GBR,,,0.0,,,0.0,0.0,,,,0.75,,,,,,,,,,0.75
328,ZHANG Muyang,CHN,,,,,,,,,0.0,,,,,,0.75,,,,,,0.75
329,GOMES Rafaella,BRA,,,,,,,,,,,,0.75,,,,,,,,,0.75
330,XIE Su,CHN,,,,,,,,,,,,0.75,,,,,,,,,0.75
331,KUBOTA Miono,JPN,,,,,,,,,,,0.0,,,,0.75,,,,,,0.75
332,CHAN Hong Cheng,MAC,,,,,,,,,,,,,,,0.75,,,,,0.0,0.75
333,CHUSID Mikayla,USA,,,,,,,,0.25,,0.5,,,,,,,,,,,0.75
334,LEE Lavender,USA,,,,,,,,,,,0.75,,,,,,,,,,0.75
335,GU Maggie Runlin,CAN,,,,,,,,0.5,0.25,0.0,,,,,,,,,,,0.75
336,WONG Shun Yat,HKG,,,,,,,,,0.0,0.0,,,,,0.75,,,,,,0.75
337,CHENG Siyun,CHN,,,,,,,,,,,,,,,0.75,,,,,,0.75
338,LIN Zhi Tong (Bonnie),CAN,,,,,,,,,0.5,0.25,0.0,,,,,,,,,,0.75
339,SEIFFERT Veranika,GER,,,,,,,,0.0,,,0.75,,,,,,,,,,0.75
340,ULASAVA Darya,BLR,,,,,,,,,,,0.375,,,0.25,,,,0.0,,,0.625
341,GAMKE Ella,GER,,,,,,,,,0.25,,0.375,,,,,,,,,,0.625
342,CENKER Freya,AUT,,,,,,,,0.25,,,0.375,,,,,,,,,,0.625
343,RUTA Giorgia,ITA,,0.5,,,,,,,,,,,,,,,,,,,0.5
343,ABU OBID Celine,JOR,0.5,,,,,,,,,,,,,,,,,,,,0.5
345,DERMENZHY Valentyna,UKR,,0.5,,,,0.0,,,,,,,,,,,,,,,0.5
346,ALBUAINAIN Sumaya,BRN,0.5,,,,,,,,,,,,,,,,,,,,0.5
347,NGUYEN Thi Thu Phuong,VIE,,,,,0.5,,,,,,,,,,,,,,,,0.5
348,ARAOUD Ritej,BRN,0.5,,,,,,,,,,,,,,,,,,0.0,0.0,0.5
349,CAMMILLETTI Marta,ITA,,0.5,,,,,,,,,,,,,,,,,,,0.5
349,BASSO Valentina,BRA,,,,0.5,,,,,,,,,,,,,,,,,0.5
349,CHENG Cleona Yu Han,SGP,,,,,0.5,,,,,,,,,,,,,,,,0.5
352,SMITHISUKUL Chayada,THA,,,,,0.5,,,,,,,,,,,,,,,,0.5
352,ALTAMIMI Hessa,UAE,0.5,,,,,,,,,,,,,,,,,,,,0.5
354,AL FULAITI Ghzal,OMA,0.5,,,,,,,,,,,,,,,,,,,,0.5
355,SILVA Samara,BRA,,,,0.5,,,,,,,,,,,,,,,,,0.5
356,LITA Karina,ROU,,0.5,,,,,,,,,,,,0.0,,,,,,,0.5
357,MORAIS Marina,BRA,,,,0.5,,,,,,,,,,,,,,,,,0.5
357,ALMARRI Aljawharah,KSA,0.5,,,,,,,,,,,,,,,,,,,,0.5
359,BRYZGALOVA Svitlana,UKR,,0.25,,,,0.25,,0.0,,,0.0,,,,,,,,,,0.5
360,JENG Zi-Yin,TPE,,,,,0.25,,,,0.0,0.25,,,,,0.0,,,,,,0.5
361,WAGSTAFF Zoe,GBR,,,,,,,,0.5,,,,,,,,,,0.0,,0.0,0.5
362,BONETTI Giovana,BRA,,,,,,,0.0,0.5,,,,,,,,,,,,,0.5
363,CASALS BRODU Alice,ESP,,,,,,,0.0,0.5,,,,,,,,,,,,,0.5
364,NAKADE Hiyori,JPN,,,,,,,,0.5,,,,,,,,,,,,,0.5
364,JO Juhyun,KOR,,,,,,,,,0.5,,,,,,,,,,,,0.5
366,FETECAU Ilinca,CAN,,,,,,,,,0.5,,,,,,,,,,,,0.5
367,KIM Chaeyeon,KOR,,,,,,,,,0.5,,,,,,,,,,,,0.5
368,KIM Minji,KOR,,,,,,,,,0.5,,,,,,,,,,,,0.5
369,ZHOU Yuting,CHN,,,,,,,,,0.5,,,,,,,,,,,,0.5
370,CHAE Songoh,KOR,,,,,,,,,0.5,,,,,,,,,,,,0.5
371,ZIEMAK Emilia,POL,,,,,,,,,,,,,0.5,,,,,,,,0.5
372,BUTRUILLE Solene,FRA,,,,,,,,,0.5,,,,,,,,,,,,0.5
373,KIM Hyunjin,KOR,,,,,,,,,0.5,,,,,,,,,,,,0.5
373,BELYAEVA Polina,RUS,,,,,,,,,,,,,0.5,,,,,,,,0.5
375,SYNORADZKA Martyna,POL,,,,,,,,0.5,,,,,,,,,,,,,0.5
376,HONG Sena,KOR,,,,,,,,,0.5,,,,,,,,,,,,0.5
377,CHEUNG Daisy Isis,HKG,,,,,,,,,,0.5,,,,,,,,,,,0.5
378,REINER Aglaya,AUT,,,,,,,,,,,0.375,,,,,,,,,,0.375
379,LIU Zhaoyi,USA,,,,,,,,,,,0.375,,,,,,,,,,0.375
380,LAI Sophia,USA,,,,,,,,,,,0.375,,,,,,,,,,0.375
381,TUSSUPBEKOVA Kulzhan,KAZ,,,,,,,,,0.0,,0.375,,,,0.0,,,,,,0.375
382,HAJAS Nora,HUN,,0.0,,,,0.25,,,,,,,,,,,,,,,0.25
383,ZAMAN Fatima,BRN,0.25,,,,,,,,,,,,,,,,,,,,0.25
383,PARRA Emily,FRA,,,,,,,0.25,,,,,,,,,,,,,,0.25
383,BARDES Sophie,ITA,,0.25,,,,,,,,,,,,,,,,,,,0.25
386,BORYSOVA Ahlaia,UKR,,0.25,,,,0.0,,,,,,,,,,,,,,,0.25
387,WONG Angellena Yan Qi,SGP,,,,,0.25,0.0,,,,0.0,,0.0,,,0.0,,,,,,0.25
388,NOTT Adrienne,USA,,,0.25,,,,,,,,,,,,,,,,,,0.25
388,ALMARRI Lameed,KSA,0.25,,,,,,,,,,,,,,,,,,,,0.25
390,ODD-TALLAH Angel,JOR,0.25,,,,,,,,,,,,,,,,,,,,0.25
391,PELLETIER Heloise,FRA,,,0.25,,,,0.0,,,,,,,,,,,,,,0.25
392,MAHOVSZKIJ Szilvia,HUN,,0.25,,,,0.0,,,,,,,,,,,,,,,0.25
393,KOH Shao Yuan Gianna,SGP,,,,,0.25,,,,,,,,,,,,,,,,0.25
394,GALE Madeleine,GBR,,,0.25,,,,0.0,,,,,,,,,,,,,,0.25
395,PROKESOVA Barbora,CZE,,,0.25,,,0.0,,0.0,,,,,,,,,,,,,0.25
396,CAPINA Miyake,PHI,,,,,0.25,,,,,0.0,,,,,,,,,,,0.25
397,GIORDANI Sofia,ITA,,,0.25,,,,,,,,,,,,,,,,,,0.25
398,DELHOUME Lorene,FRA,,,,,0.25,,,,,,,,,,,,,,,,0.25
398,FARIELLO Giulia,ITA,,0.25,,,,,,,,,,,,,,,,,,,0.25
400,MITI BIKFALVI Ingrid,ROU,,0.25,,,,,0.0,,,,,,,,,,,,,,0.25
401,ALIX Adele,FRA,,,0.25,,,,,,,,,,,,,,,,,,0.25
402,CHAN Chloe,HKG,,,,,0.25,,,,,0.0,,,,,,,,,,,0.25
403,NEMCOVA Stepanka,CZE,,,0.0,,,0.0,0.25,0.0,,,0.0,,0.0,0.0,,,,0.0,,,0.25
404,ADOCH Alexandra,ROU,,0.25,0.0,,,,,,,,,,,,,,,,,,0.25
405,LIU Yihan,SGP,,,,,0.25,,,,,,,,,,,,,,,,0.25
405,CAUVET Olivia,FRA,,,0.25,,,,,,,,,,,,,,,,,,0.25
407,CRUZ ARMSTRONG Alegria,ESP,,0.25,,,,,0.0,,,,,,,,,,,,,,0.25
408,LI Si-Xian Jocelyn,TPE,,,,,0.25,,,,,,,,,,0.0,,,,,,0.25
409,ABELE Liene,LAT,,,0.25,,,,,,,,,,,,,,,,,,0.25
410,ILLEKOVA Katerina,CZE,,,0.0,,,0.25,,,,,,,,,,,,,,,0.25
411,HARONI Agapi,HUN,,0.25,,,,0.0,,,,,,,,,,,,,,,0.25
412,BOUMAZA Eileen,FRA,,,0.25,,,,,,,,,,,,,,,,,,0.25
412,TAN Alyssa Si En,SGP,,,,,0.25,,,,,,,,,,,,,,,,0.25
414,ELLIOTT Megan,GBR,,,0.25,,,,,0.0,,,0.0,,,,,,,0.0,,,0.25
415,SITA NAIDU Maaravis,SGP,,,,,0.25,,,,,,,,,,,,,,,,0.25
415,JOSAN Uliana-Dumitrita,MDA,,0.25,,,,,,,,,,,,,,,,,,,0.25
417,SEET Tiffany,SGP,,,,,0.0,,,0.25,0.0,0.0,,,,,,,,,,,0.25
418,GROESS Chiara,AUT,,0.0,,,,0.0,,0.25,0.0,,0.0,,,0.0,,,,,,,0.25
419,MESTERI Viktoria,HUN,,,,,,0.0,,0.25,,,,,,,,,,,,,0.25
420,ZAFFINO Indigo,GBR,,,0.0,,,,,0.0,0.0,,0.0,,,0.25,,,,,,,0.25
421,WASILCZUK Dominika,POL,,,,,,,0.0,0.25,,,0.0,,,,,,,,,,0.25
422,FABIANEK Marie,AUT,,,,,,0.0,,0.25,,,0.0,,,,,,,,,,0.25
423,ROS VINAS Martina,ESP,,,,,,,0.0,0.25,,,,,,,,,,,,,0.25
424,CHOI Yumin,KOR,,,,,,,,,0.25,,,,,,,,,,,,0.25
424,ELZOHEIRY Mariam,EGY,,,,,,,,,,,,,0.25,,,,,,,,0.25
426,NOWAKOWSKA Aleksandra,POL,,,,,,,,0.25,,,,,0.0,,,,,,,,0.25
427,KOO Chabin,KOR,,,,,,,,,0.25,,,,,,,,,,,,0.25
428,MOON Sehee,KOR,,,,,,,,,0.25,,,,,,,,,,,,0.25
429,TANG Fu Jiao Melody,CAN,,,,,,,,,,0.25,0.0,,,,,,,,,,0.25
430,CHUNG Wan Yin,HKG,,,,,,,,,0.0,0.25,0.0,,,,0.0,,,,,,0.25
431,CHENG Tiantian,CHN,,,,,,,,,,0.25,,,,,0.0,,,,,,0.25
432,LEE Seohyeon,KOR,,,,,,,,,0.25,,,,,,,,,,,,0.25
433,TANTAST Malek,ALG,,,,,,,,,,,,,,,,0.0,,,,,0.0
434,WU Yuki,BRA,,,,0.0,,,,,,,,,,,,,,,,,0.0
435,XELLA Isadora,BRA,,,,0.0,,,,,,,,,,,,,,,,,0.0
436,HUANG Luana,BRA,,,,0.0,,,,,,,,,,,,,,,,,0.0
437,ALKHAMISI Shouq,KSA,0.0,,0.0,,,,,,,,,,,,,,,,,,0.0
438,MEINE Mariana,BRA,,,,0.0,,,,,,,,,,,,,,,,,0.0
439,ALGALAYENE Sara,KSA,0.0,,,,,,,,,,,,,,,,,,,,0.0
440,ALARJI Abeer,KSA,0.0,,,,,,,,,,,,,,,,,,,,0.0
441,NASER Haya,JOR,0.0,,,,,,,,,,,,,,,,,,,,0.0
442,ALDUHAIM Ghala,KSA,0.0,,,,,,,,,,,,,,,,,,,,0.0
443,GRIFFIN Emma,USA,,,,,,0.0,0.0,,,,,,,,,,,,,,0.0
444,BALAZS Dora,HUN,,0.0,,,,0.0,,,,,,,,,,,,,,,0.0
445,YANG Audrey,USA,,,0.0,,,,,,,,,,,,,,,,,,0.0
446,ELSEEHY Pako,GBR,,,,,0.0,0.0,,,,,,,,,,,,,,,0.0
447,BONNY Esther,FRA,,,0.0,,,,,,,,,,,,,,,,,,0.0
448,MAHUTKA Malin Ava,GER,,,0.0,,,,,,,,,,,,,,,,,,0.0
449,GRANVILLE Bronwen,GBR,,,0.0,,,,0.0,0.0,,0.0,0.0,,,,,,,,,,0.0
450,RUNGRUANG Suchanart,THA,,,,,0.0,,,,,,,,,,,,,,,,0.0
451,DURUKAN Almila Birce,TUR,,0.0,,,,0.0,,,,,0.0,,,0.0,,,,,,,0.0
452,CHEN Yu-Shu,TPE,,,,,0.0,0.0,0.0,0.0,0.0,0.0,0.0,,,,,,,,,,0.0
453,MATOS Deyanara,DOM,,,,,,,,,,,,0.0,,0.0,0.0,,0.0,,,,0.0
454,WITT Lara,GER,,,0.0,,,,,,,,,,0.0,,,,,,,,0.0
455,MALE Enya,ROU,,0.0,,,,,,,,,,,,,,,,,,,0.0
456,MARKUS Boglarka,HUN,,0.0,,,,0.0,,,,,,,,,,,,,,,0.0
457,HERNANDEZ VEGA Mya Isabelle,PUR,,,,,,,,,,,,,,,,,0.0,,,,0.0
457,YEO Jazlyn Siok Chin,SGP,,,,,0.0,,,,,,,,,,,,,,,,0.0
459,HUANG Melanie Xinyi,SGP,,,,,0.0,,,0.0,,,,,,,0.0,,,,,,0.0
460,BERRETTA Mariavittoria Elvira,ITA,,,,,,0.0,,,,,,,,,,,,,,,0.0
461,SIMKOVA Anna,CZE,,,0.0,,,0.0,,,,,,,,,,,,,,,0.0
462,ZONI Lea,GER,,,0.0,,,,,0.0,,,,,,,,,,,,,0.0
463,CHEUNG Wing Yee,HKG,,,,,0.0,,,,,,,,,,,,,,,,0.0
463,MENDOZA PRESA Katherine Abigail,ESA,,,,,,,,,,,,,,,,,0.0,,,,0.0
465,MONROY HERRERA Gabriela,COL,,,,,,,,,,,,0.0,,,,,0.0,,,,0.0
466,BOTOS Arven Anasztazia,HUN,,0.0,,,,,,,,,,,,,,,,,,,0.0
466,RODARIE Chloe,FRA,,,,,,,0.0,,,,,,,,,,,,,,0.0
468,DOMJAN Ida,CRO,,0.0,,,,0.0,,,,,,,,,,,,,,,0.0
469,SAUCEDO Kenia,GUA,,,,,,,,,,,,,,,,,0.0,,,,0.0
469,GONTIER Ninon,BEL,,,0.0,,,,,,,,,,,,,,,,,,0.0
469,HERNANDEZ Veronica L.,PUR,,,,,,,,,,,,,,,,,0.0,,,,0.0
469,CHANG Man-Li,TPE,,,,,0.0,,,,,,,,,,,,,,,,0.0
473,TOTH Lena Sara,HUN,,0.0,,,,0.0,,,,,,,,,,,,,,,0.0
474,NG Anya,SGP,,,,,0.0,,,,,,,,,,,,,,,,0.0
475,PEREZ Camila,GUA,,,,,,,,,,,,,,,,,0.0,,,,0.0
475,BYRNE Lauren,GBR,,,0.0,,,,,,,,,,,,,,,,,,0.0
475,SAIONI Greta,ITA,,,,,,0.0,,,,,,,,,,,,,,,0.0
475,LIN Yu-Wei,TPE,,,,,0.0,,,,,,,,,,,,,,,,0.0
475,BARBU Ioana,ROU,,0.0,,,,,,,,,,,,,,,,,,,0.0
475,REBOLLO Patricia,ESP,,,,,,,0.0,,,,,,,,,,,,,,0.0
481,CHRISTIE Erika,BOL,,,,,,,,,,,,,,,,,0.0,,,,0.0
481,GOROBET Ecaterina,MDA,,0.0,,,,,,,,,,,,,,,,,,,0.0
481,YANG Iris,USA,,,,,,,0.0,,,,,,,,,,,,,,0.0
481,ZHU Taile,SGP,,,,,0.0,,,,,,,,,,,,,,,,0.0
485,VIZCARRA Cielo,PER,,,,,,,,,,,,0.0,,,,,0.0,,,,0.0
486,MI Aileen,USA,,,,,,,0.0,,,,,,,,,,,,,,0.0
486,BINAGHI Mariavittoria,SUI,,0.0,,,,,,,,,,,,,,,,,,,0.0
486,SHIH Han-Lin,TPE,,,,,0.0,,,,,,,,,,,,,,,,0.0
486,CORREA STICCONI Maria Caterina,ARG,,,,,,,,,,,,,,,,,0.0,,,,0.0
486,ADAMS Rachael,GBR,,,0.0,,,,,,,,,,,,,,,,,,0.0
486,SOH Trina,SGP,,,,,0.0,,,,,,,,,,,,,,,,0.0
492,YOSHIMORI Rachika,NED,,,0.0,,,0.0,,,0.0,,,,,,,,,,,,0.0
493,STEFAN Dorja,CRO,,0.0,,,,,,,,,,,,,,,,,,,0.0
494,PRON Kira,UKR,,0.0,,,,0.0,,,,,,,,,,,,,,,0.0
495,PAVLOVIC Silvija,SRB,,,,,,0.0,,,,,0.0,,,,,,,,,,0.0
496,MENA ORTIZ Irene Abigail,ESA,,,,,,,,,,,,,,,,,0.0,,,,0.0
496,HUBER Taneka,AUS,,,,,0.0,,,,,,,,,,,,,,,,0.0
498,SIMON Borbala,HUN,,0.0,,,,0.0,,,,,,,,0.0,,,,,,,0.0
499,CHANG Eunice,GUA,,,,,,,,,,,,,,,,,0.0,,,,0.0
499,HA Thi Van Anh,VIE,,,,,0.0,,,,,,,,,,,,,,,,0.0
499,HAI Sreysros,CAM,,,,,,,,,,,,,,,,,,,0.0,,0.0
502,COOPER Piper,USA,,,,,,0.0,0.0,,,,,,,,,,,,,,0.0
503,VASILE Karina,ROU,,,0.0,,,,0.0,,,,,,,,,,,,,,0.0
504,WANG Helen,NZL,,,,,0.0,,,,0.0,0.0,,,,,0.0,,,,,,0.0
505,SUVALJKO Korana,CRO,,0.0,,,,,,,,,,,,,,,,,,,0.0
505,ADHIKARI Anita,NEP,,,,,,,,,,,,,,,,,,,0.0,,0.0
507,MCLAUGHLIN Mhairi,GBR,,,0.0,,,0.0,0.0,0.0,,,,,,,,,,,,,0.0
508,MAGASANIKOVA Viktorie,CZE,,,0.0,,,0.0,,,,,,,,,,,,,,,0.0
509,KARGAR SHARIFABAD Zahra,IRI,,,,,,,,,,,0.0,,,,,,,,0.0,,0.0
510,LU Ren-Xuan,TPE,,,,,0.0,,,,,,,,,,,,,,,,0.0
511,HONCIU BALLESTER Julia,ESP,,0.0,,,,,0.0,0.0,,,,,,,,,,,,,0.0
512,SPERKA Jazmin,HUN,,0.0,,,,0.0,,,,,,,,,,,,,,,0.0
513,PENSA Larissa Francesca Chiara,MDA,,,,,,,,,,,0.0,,,,,,,0.0,,,0.0
514,DRUCK Lior,ISR,,,,,,0.0,,,,,,,,,,,,,,,0.0
514,MONIKA Men,CAM,,,,,,,,,,,,,,,,,,,0.0,,0.0
514,DAMAY Vika,INA,,,,,0.0,,,,,,,,,,,,,,,,0.0
517,TRCIN Katja,CRO,,0.0,,,,0.0,,,,,,,,,,,,,,,0.0
518,MOOSA Zainb,UAE,,,,,,,,,,,,,,,,,,,0.0,,0.0
518,YEOW Darlyn Ashley En Qi,SGP,,,,,0.0,,,,,,,,,,,,,,,,0.0
518,MAJHI URMILA,NEP,,,,,,,,,,,,,,,,,,,0.0,,0.0
521,JUNELE Nikola,LAT,,,0.0,,,0.0,,,,,,,,,,,,0.0,,,0.0
522,MARTIN Garance,FRA,,,,,,,0.0,,,,,,,,,,,,,,0.0
523,CHAND Sofiya,NEP,,,,,,,,,,,,,,,,,,,0.0,,0.0
523,CANESSA Lucrezia,ITA,,0.0,,,,,,,,,,,,,,,,,,,0.0
525,SLUMAN Talitha,NED,,,0.0,,,0.0,,,,,0.0,,,,,,,,,,0.0
526,ZSOLDOSI Karolina,HUN,,,,,,0.0,,,,,,,,,,,,,,,0.0
526,CISMAS Darra,ROU,,0.0,,,,,,,,,,,,,,,,,,,0.0
526,SANDALANKA Kanchana,SRI,,,,,,,,,,,,,,,,,,,0.0,,0.0
529,CHYZHYKOVA Yelyzaveta,UKR,,0.0,,,,0.0,,,,,,,,,,,,,,,0.0
530,IUBAS Bianca,ROU,,0.0,0.0,,,,,,,,,,,,,,,,,,0.0
531,DANSICARE Mailys,FRA,,,,,,,0.0,,,,,,,,,,,,,,0.0
531,EDIRISINGHE Nethuli,SRI,,,,,,,,,,,,,,,,,,,0.0,,0.0
531,SHRESTHA MANISHA,NEP,,,,,,,,,,,,,,,,,,,0.0,,0.0
534,ZORIC Mila,SRB,,0.0,,,,0.0,,,,,,,,,,,,,,,0.0
535,SUTA Diana,ROU,,0.0,,,,,0.0,,,,,,,,,,,,,,0.0
536,MENDEZ SCHIK Hannah,CRC,,0.0,,,,0.0,,0.0,,,,,,,,,,,,,0.0
537,MHANNA Rose,SYR,,,,,,,,,,,,,,,,,,,0.0,,0.0
538,SCHAEFEROVA Justyna,CZE,,,0.0,,,0.0,,,,,,,,,,,,,,,0.0
539,GULISIK Elvin,TUR,,,,,,,,,,,0.0,,,0.0,,,,0.0,,,0.0
540,PINEDA VALENCIA Juliana,COL,,,,,,,0.0,0.0,,,,,,,,,,,,,0.0
541,CACERES Lucie,FRA,,,0.0,,,,,,,,,,,,,,,,,,0.0
542,PIRES Catarina,POR,,,,,,,0.0,0.0,,,,,,,,,,0.0,,,0.0
543,SZURMAI Laura,HUN,,0.0,,,,0.0,,,,,,,,,,,,,,,0.0
544,MCVINNIE Abigael,GBR,,,0.0,,,,,,,,,,,,,,,,,,0.0
545,NEMESKALOVA Katerina,CZE,,,0.0,,,0.0,,,,,,,,,,,,,,,0.0
546,POSVANCOVA Martina,SVK,,,,,,0.0,,,,,,,,,,,,,,,0.0
546,DOBRININA Uliana,MDA,,0.0,,,,,,,,,,,,,,,,,,,0.0
546,MARINO LASSO Ana,ESP,,,,,,,0.0,,,,,,,,,,,,,,0.0
549,KULCSAR Dorka,HUN,,0.0,,,,0.0,,,,,,,,,,,,,,,0.0
550,VOGEL Greta,GER,,,,,,,0.0,,,,,,,,,,,,,,0.0
550,LANG Layla,GBR,,,0.0,,,,,,,,,,,,,,,,,,0.0
552,LEVRONE Giulia,ROU,,0.0,,,,,,,,,,,,,,,,,,,0.0
553,VOVCENCO Alexandra,MDA,,0.0,,,,,,,,,,,,,,,,,,,0.0
554,GORNY Raphaelle,BEL,,,0.0,,,,0.0,0.0,,,,,,0.0,,,,,,,0.0
555,KARDOSS Hanga,HUN,,0.0,,,,0.0,,,,,,,,,,,,,,,0.0
556,LAJCSIK Roza,HUN,,,,,,0.0,,,,,,,,,,,,,,,0.0
557,KULLA Anna Nihal,GRE,,,0.0,,,,0.0,0.0,,,0.0,,,,,,,,,,0.0
558,MATEI Ingrid,ROU,,0.0,,,,,,,,,,,,,,,,,,,0.0
559,SLUYDTS FERNANDEZ Gladys,ESP,,,,,,,0.0,0.0,,,0.0,,,,,,,,,,0.0
560,MARISESCU Maya,ROU,,0.0,,,,,,,,,,,,,,,,,,,0.0
560,BEECHEY Jessica,GBR,,,0.0,,,,,,,,,,,,,,,,,,0.0
562,BUCKLEY Ellen,GBR,,,0.0,,,,0.0,,,,,,,,,,,,,,0.0
563,DAMMROFF Lotte,NED,,,,,,0.0,,,,,,,,,,,,,,,0.0
563,SHCHERBA Anna,UKR,,0.0,,,,,,,,,,,,,,,,,,,0.0
563,ANATOLE Carla,FRA,,,0.0,,,,,,,,,,,,,,,,,,0.0
566,PRUSOVA Kristyna,CZE,,,0.0,,,0.0,,,,,,,,,,,,,,,0.0
567,STANKOVIC Sofija,SRB,,0.0,,,,,,,,,0.0,,,,,,,,,,0.0
568,LIMBORSKA Arina,UKR,,0.0,,,,0.0,,,,,,,,,,,,,,,0.0
569,FERRARINI Chiara,ITA,,,0.0,,,,,,,,,,,,,,,,,,0.0
570,KOVACSI Sara,HUN,,0.0,0.0,,,0.0,,,,,,,,,,,,,,,0.0
571,GONZALEZ RAMOS Claudia,ESP,,,,,,,0.0,,,,,,,,,,,,,,0.0
572,DELMORAL COMUNIAN Andrea,VEN,,,,,,,0.0,,,,,,,,,,,,,,0.0
573,OROSHAZI Csilla,HUN,,,,,,0.0,,,,,0.0,,,,,,,,,,0.0
574,DOCAVO Elena,ESP,,,,,,,0.0,0.0,,,,,,,,,,,,,0.0
575,HUSARENKO Daria,UKR,,0.0,,,,,,,,,,,,,,,,,,,0.0
576,ABDELHAMID Aisha,EGY,,,0.0,,,,,,,,,,,,,,,,,,0.0
576,DUBAU Catrinel,ROU,,0.0,,,,,,,,,,,,,,,,,,,0.0
576,DAVID Stefania,ROU,,0.0,,,,,,,,,,,,,,,,,,,0.0
579,WYTYK Dominika,POL,,,0.0,,,,,,,,,,,,,,,,,,0.0
579,GYAPJAS Hanna,HUN,,,,,,0.0,,,,,,,,,,,,,,,0.0
581,CURWEN Becci,GBR,,,0.0,,,0.0,0.0,0.0,,,0.0,,,,,,,,,,0.0
582,AKYALCIN Yagmur,TUR,,,,,,0.0,,,,,,,,0.0,,,,,,,0.0
583,BAIXAULI RUIZ Carme,ESP,,,,,,,0.0,,,,,,,,,,,,,,0.0
583,WEYERMANN Freya,GER,,,0.0,,,,,,,,,,,,,,,,,,0.0
583,NIKOLIC Vana,SRB,,0.0,,,,,,,,,,,,,,,,,,,0.0
586,NICULA Alexandra,ROU,,0.0,,,,,,,,,,,,,,,,,,,0.0
587,TEODORI Celeste,ROU,,0.0,,,,,,,,,,,,,,,,,,,0.0
587,HANZL Lilla Zsofia,HUN,,,,,,0.0,,,,,,,,,,,,,,,0.0
587,CONSUEGRA YUSTE Alejandra,ESP,,,,,,,0.0,,,,,,,,,,,,,,0.0
587,GIMARD Ninon,FRA,,,0.0,,,,,,,,,,,,,,,,,,0.0
591,LEONTE Maria,ROU,,0.0,,,,,,,,,,,,,,,,,,,0.0
591,KRAFT Maja,GER,,,0.0,,,,,,,,,,,,,,,,,,0.0
591,GARDE-TSCHERTOK Anna Theresa,DEN,,,,,,,0.0,,,,,,,,,,,,,,0.0
594,RATZ Victoria,AUT,,,,,,0.0,,0.0,,,0.0,,,,,,,,,,0.0
595,JOKUBAUSKAITE Evelina,LTU,,,0.0,,,,,,,,,,,,,,,,,,0.0
595,FITZ Miruna,ROU,,0.0,,,,,,,,,,,,,,,,,,,0.0
597,WIGZELL Kiara Saxone Angela,MRI,,0.0,0.0,,,,0.0,0.0,0.0,,0.0,,,0.0,0.0,,,,,,0.0
598,ELMALLAH Sarah,EGY,,,,,,,0.0,,,,0.0,,0.0,,,,,,,,0.0
599,CHOW Joelle,MAS,,,0.0,,,,,,,,,,,,,,,,,,0.0
599,MARIN Delia,ROU,,0.0,,,,,,,,,,,,,,,,,,,0.0
599,SZEKERES Laura,HUN,,,,,,0.0,,,,,,,,,,,,,,,0.0
599,CATANA Yvonne,ROU,,0.0,,,,,,,,,,,,,,,,,,,0.0
603,LAMAPEREIRA RODRIGUEZ Julia,ESP,,,,,,,0.0,,,,,,,,,,,,,,0.0
603,FORGACH Nina,SVK,,,,,,0.0,,,,,,,,,,,,,,,0.0
605,ALVITO Ines,POR,,,,,,,0.0,,,,,,,,,,,,,,0.0
605,CULKIN Nathalie,GBR,,,0.0,,,,,,,,,,,,,,,,,,0.0
605,CHIU Alecsia,ROU,,0.0,,,,,,,,,,,,,,,,,,,0.0
605,MARCU Patricia,ROU,,0.0,,,,,,,,,,,,,,,,,,,0.0
609,MEHRA Sophie,GBR,,,0.0,,,,,,,,,,,,,,,,,,0.0
610,TEMES Carla,ROU,,0.0,,,,,,,,,,,,,,,,,,,0.0
610,MAIRIE Penelope,FRA,,,0.0,,,,,,,,,,,,,,,,,,0.0
612,LYNCH Katie,IRL,,,0.0,,,,0.0,,,,,,,,,,,,,,0.0
613,SABAN Shahar,ISR,,,,,,0.0,,,,,,,,,,,,,,0.0,0.0
614,PETRICA Ioana,ROU,,0.0,,,,,,,,,,,,,,,,,,,0.0
614,DORELLE RODRIGUEZ Marta,ESP,,,,,,,0.0,,,,,,,,,,,,,,0.0
616,KNOX Eleanor,GBR,,,,,,0.0,0.0,0.0,,,,,,,,,,,,,0.0
617,KARAIVANOVA Zlatina,BUL,,,0.0,,,,,,,,,,,,,,,,,,0.0
617,MCCOY Amy,SWE,,,0.0,,,,,,,,,,,,,,,,,,0.0
619,DEPRATERE FERNANDEZ Norah,ESP,,,,,,,0.0,,,,,,,,,,,,,,0.0
620,VAN NORREN Aroena,NED,,,0.0,,,,,,,,,,,,,,,,,,0.0
621,GARCIA MARTINEZ Mariana,ESP,,,,,,,0.0,,,,,,,,,,,,,,0.0
622,LEMEE Alice,FRA,,,,,,,0.0,,,,,,,,,,,,,,0.0
623,CASTANO CORDERO Julia,ESP,,,,,,,0.0,,,,,,,,,,,,,,0.0
624,FERNANDEZ ALVAREZ Beatriz,ESP,,,,,,,0.0,0.0,,,,,,,,,,,,,0.0
625,KARAMAN Nisan Ezel,TUR,,,,,,0.0,,,,,,,,0.0,,,,,,,0.0
626,MA Ke,CHN,,,,,,,,,,,,0.0,,,,,,,,,0.0
627,FRASER Elizabeth,GBR,,,,,,0.0,,,,,,,,,,,,,,,0.0
627,ORTIN ROMERO Sandra,ESP,,,,,,,0.0,,,,,,,,,,,,,,0.0
629,MARCOS PERAL Mara,ESP,,,,,,,0.0,0.0,,,,,,,,,,,,,0.0
630,SEGURA FUERTES Lorena,ESP,,,,,,,0.0,0.0,,,,,,,,,,,,,0.0
631,GARCIA MARTINEZ Susana,ESP,,,,,,,0.0,,,,,,,,,,,,,,0.0
631,SEBERT Mali,FIN,,,,,,,0.0,,,,,,,,,,,,,,0.0
633,GERGELY Roza Terez,HUN,,,,,,0.0,,,,,,,,,,,,,,,0.0
634,TAPIA SACEDA Sara,ESP,,,,,,,0.0,,,,,,,,,,,,,,0.0
635,UZEL Defne,TUR,,,,,,0.0,,,,,,,,,,,,,,,0.0
636,LO I Nga Elia,MAC,,,,,,,,,,,,,,,0.0,,,,,0.0,0.0
637,HOVAGHIMIAN Fira Ren,ARM,,,,,,,,,,,,,,,,,,,,0.0,0.0
638,SANDOVAL Maria,COL,,,,,,,,,,,,0.0,,,,,,,,,0.0
639,RODRIGUEZ Cruz Maria,MEX,,,,,,,,,,,,0.0,,,,,,,,,0.0
639,CARBONELL Marina Andrea,PHI,,,,,,,,,,,,,,,,,,,,0.0,0.0
639,CHIPOCO Valeria,PER,,,,,,,,,,,,0.0,,,,,,,,,0.0
642,NUNEZ Fernanda,PER,,,,,,,,,,,,0.0,,,,,,,,,0.0
643,PASARA Fatima,PER,,,,,,,,,,,,0.0,,,,,,,,,0.0
644,B'CHIR Nourane,TUN,,,,,,,,,,,,,,,,,,,,0.0,0.0
644,YALTA Romina,PER,,,,,,,,,,,,0.0,,,,,,,,,0.0
644,PASARA Catalina,PER,,,,,,,,,,,,0.0,,,,,,,,,0.0
647,MAY Chantelle,NZL,,,,,,,,,,,,,,,,,,,,0.0,0.0
648,PALMA Maria José,PER,,,,,,,,,,,,0.0,,,,,,,,,0.0
648,KAVVADA Eleonora Sylvain Maria,GRE,,,,,,,,,,,,,,,,,,,,0.0,0.0
650,PALMA Domenica,PER,,,,,,,,,,,,0.0,,,,,,,,,0.0
651,MENDOZA ECHEGARAY Ariana Camila,PER,,,,,,,,,,,,0.0,,,,,,,,,0.0
652,CAMARGO RAFAELA,PER,,,,,,,,,,,,0.0,,,,,,,,,0.0
653,RODRIGUEZ Josefa,CHI,,,,,,,,,,,,0.0,,,,,,,,,0.0
654,GU Jun,CHN,,,,,,,,,,,,,,,0.0,,,,,,0.0
655,WOJEWODZKA Zuzanna,POL,,,,,,,,,,,,,0.0,,,,,,,,0.0
656,FEDELI Caterina,USA,,,,,,,,,,,,,,,0.0,,,,,,0.0
657,ZHENG Lulu,CHN,,,,,,,,,,,,,,,0.0,,,,,,0.0
658,WANG YUECI,CHN,,,,,,,,,,,,,,,0.0,,,,,,0.0
659,AKSOY Ayse,TUR,,,,,,,,,,,,,,0.0,,,,,,,0.0
660,MAN Yi Ching Alice,HKG,,,,,,,,,,0.0,,,,,0.0,,,,,,0.0
661,KWOK Sze Yi,HKG,,,,,,,,,,0.0,,,,,,,,,,,0.0
662,LUNG Cheuk Ying,HKG,,,,,,,,,,0.0,,,,,,,,,,,0.0
662,MAK Long Ching Christy,HKG,,,,,,,,,,0.0,,,,,,,,,,,0.0
664,GOODCHILD Emily,GBR,,,,,,,,,,,,,0.0,,,,,,,,0.0
665,LI Tsz Yee,HKG,,,,,,,,,,0.0,,,,,,,,,,,0.0
666,VOELKER Linn Marie,GER,,,,,,,,,,,,,,0.0,0.0,,,,,,0.0
667,TERNI Maria Ludmila,ARG,,,,,,,,,,,0.0,,,,,,,,,,0.0
668,ARIKAN Ada,TUR,,,,,,,,,,,,,,0.0,,,,,,,0.0
669,WU Ching Fei Amber,HKG,,,,,,,,,,,,,0.0,0.0,,,,,,,0.0
670,HUANG Ching-Yung Sammi,TPE,,,,,,,,,,,,,,,0.0,,,,,,0.0
671,KIM Solmin,KOR,,,,,,,,,0.0,,,,,,,,,,,,0.0
671,OZIRAK Ipek,TUR,,,,,,,,,,,,,,0.0,,,,,,,0.0
673,MIKA Emma,FRA,,,,,,,,,,0.0,,,,,,,,,,,0.0
673,ABOGHONIEM Jana,EGY,,,,,,,,,,,,,0.0,,,,,,,,0.0
673,MOHAMED Nora,EGY,,,,,,,,,,,,,0.0,,,,,,,,0.0
676,KIM Nayoon,KOR,,,,,,,,,0.0,,,,,,,,,,,,0.0
676,TSANG Sophie,GBR,,,,,,,,,,0.0,,,,,,,,,,,0.0
678,MOHAMED Lara,EGY,,,,,,,,,,,,,0.0,,,,,,,,0.0
679,LUI Yin Tung,HKG,,,,,,,,,,0.0,,,,,,,,,,,0.0
680,DEMIR Beril,TUR,,,,,,,,,,,,,,0.0,,,,,,,0.0
681,MIKULICKA Zofia,POL,,,,,,,,0.0,,,0.0,,0.0,,,,,,,,0.0
682,CHOI Yejin,KOR,,,,,,,,,0.0,,,,,,,,,,,,0.0
683,WANG Yu-Hsuan,TPE,,,,,,,,,,0.0,,,,,0.0,,,,,,0.0
684,MA Yu Han,HKG,,,,,,,,,,0.0,,,,,,,,,,,0.0
684,THOMPSON Holly,GBR,,,,,,,,,,,0.0,,,,,,,,,,0.0
684,YASSER FARAH,EGY,,,,,,,,,,,,,0.0,,,,,,,,0.0
687,ACOSTA COVA Valentina,VEN,,,,,,,,0.0,,,,,,0.0,,,,,,,0.0
688,ELGAMAL Yasmine,EGY,,,,,,,,,,,,,0.0,,,,,,,,0.0
689,LEE Nakyung,KOR,,,,,,,,,0.0,,,,,,,,,,,,0.0
689,LI Che Yiu Cherise,HKG,,,,,,,,,,0.0,,,,,,,,,,,0.0
689,CHAU Jing,HKG,,,,,,,,,,0.0,,,,,,,,,,,0.0
689,LEE Hyeonyoung,KOR,,,,,,,,,0.0,,,,,,,,,,,,0.0
693,WU QIUAN,CHN,,,,,,,,,,,,,,,0.0,,,,,,0.0
694,WONG Wing Lam Grace,HKG,,,,,,,,,,0.0,,,,,,,,,,,0.0
694,LEE Hyeonseo,KOR,,,,,,,,,0.0,,,,,,,,,,,,0.0
696,BARRATT Georgina,AUS,,,,,,,,,,,,,,,0.0,,,,,,0.0
697,SU Helen,SWE,,,,,,,,,,,,,,,0.0,,,,,,0.0
697,INCESU Selin Ece,TUR,,,,,,,,,,,,,,0.0,,,,,,,0.0
697,ZHANG Junyi Irina,AUS,,,,,,,,,,0.0,,,,,,,,,,,0.0
697,MARECHAL Jade,FRA,,,,,,,,0.0,,,,,,,,,,,,,0.0
697,NAMGALAURI Mariam,GEO,,,,,,,,,,,0.0,,,,,,,,,,0.0
697,LAU Tsz Kiu Hermia,HKG,,,,,,,,,,0.0,,,,,,,,,,,0.0
703,OH Juwon,KOR,,,,,,,,,0.0,,,,,,,,,,,,0.0
704,MA Ching Kiu,HKG,,,,,,,,,,0.0,,,,,,,,,,,0.0
704,YANG JINGYI,CHN,,,,,,,,,,,,,,,0.0,,,,,,0.0
706,LI Mathea Mo Tin,HKG,,,,,,,,,,0.0,,,,,,,,,,,0.0
707,TSENG Yu-Lin,TPE,,,,,,,,,,0.0,,,,,0.0,,,,,,0.0
708,JASMINE KAUR Jasmine Kaur,IND,,,,,,,,,,,,,,,0.0,,,,,,0.0
709,WONG Kei Yiu Anissa,HKG,,,,,,,,,,0.0,,,,,,,,,,,0.0
709,SARIFI Berru,TUR,,,,,,,,,,,,,,0.0,,,,,,,0.0
709,HONG Sein,KOR,,,,,,,,,0.0,,,,,,,,,,,,0.0
709,CRESPO FELICE Sofia,VEN,,,,,,,,,,,,,,0.0,,,,,,,0.0
713,LI Ching Mei,HKG,,,,,,,,,,0.0,,,,,,,,,,,0.0
714,RATTASERI Bharassami,THA,,,,,,,,,,,,,,,0.0,,,,,,0.0
714,KURSUNOGLU Nisan Mercan,TUR,,,,,,,,,,,,,,0.0,,,,,,,0.0
716,CAI Haoxuan,CHN,,,,,,,,0.0,,,,,,,,,,,,,0.0
716,KIRTAY Nil,TUR,,,,,,,,,,,,,,0.0,,,,,,,0.0
716,KUFECILER Ada,TUR,,,,,,,,,,,,,,0.0,,,,,,,0.0
716,HO Queena,HKG,,,,,,,,,,0.0,,,,,,,,,,,0.0
720,LEE Chaehee,KOR,,,,,,,,,0.0,,,,,,,,,,,,0.0
720,ARNELA Lucia,GER,,,,,,,,0.0,,,,,,,,,,,,,0.0
722,LIANG Heather,AUS,,,,,,,,,,0.0,,,,,,,,,,,0.0
722,LAM Hiu Ching,HKG,,,,,,,,,,0.0,,,,,,,,,,,0.0
722,DHAYANITHI Dhivya Dharsini,IND,,,,,,,,,,0.0,,,,,,,,,,,0.0
725,ARIKAN Azra,TUR,,,,,,,,,,,,,,0.0,,,,,,,0.0
725,HONG Sunah,KOR,,,,,,,,,0.0,,,,,,,,,,,,0.0
725,TYM Danuta,POL,,,,,,,,,,,0.0,,,,,,,,,,0.0
728,YILDIZ Elif Ada,TUR,,,,,,,,,,,,,,0.0,,,,,,,0.0
729,NETAM Divyanshu,IND,,,,,,,,,,0.0,,,,,,,,,,,0.0
730,AKGUL Oyku Duru,TUR,,,,,,,,,,,,,,0.0,,,,,,,0.0
731,LATARIA Ana,GEO,,,,,,,,,,,,,,0.0,,,,,,,0.0
731,HUBER Gabi,AUS,,,,,,,,,0.0,,,,,,,,,,,,0.0
731,NETAM Dippanshi,IND,,,,,,,,,,0.0,,,,,,,,,,,0.0
734,LOHIYA Vaidehi Sanjay,IND,,,,,,,,,,0.0,,,,,,,,,,,0.0
734,LEUNG Renee,AUS,,,,,,,,,,0.0,,,,,,,,,,,0.0
734,MINSIN Nil,TUR,,,,,,,,,,,,,,0.0,,,,,,,0.0
734,GENC Aybuke,TUR,,,,,,,,,,,,,,0.0,,,,,,,0.0
738,PAULUS Isabella Katelyn,PHI,,,,,,,,0.0,,,,,,,,,,,,,0.0
739,SIMON Emily,AUT,,,,,,,,,,,0.0,,,,,,,,,,0.0
740,ONEN Irmak,TUR,,,,,,,,,,,,,,0.0,,,,,,,0.0
741,BINKO Aleksandra,POL,,,,,,,,,,,0.0,,,,,,,,,,0.0
742,LETKOVICOVA Julia,SVK,,,,,,,,0.0,,,,,,,,,,,,,0.0
743,GOMEZ GARCIA Camila,ESP,,,,,,,,0.0,,,,,,,,,,,,,0.0
