Rank,Name,Nat.,20/09 Reykjavik (SA),27/09 Gand (SA),11/10 Nuremberg (SA),18/10 Istanbul (SA),25/10 Sofia (SA),07/11 Alger (A),04/12 Orléans (GP),09/01 Tunis (GP),22/01 Salt Lake City (A),27/03 Tashkent (A),17/04 Athènes (A),02/05 Incheon (GP),22/05 Lima (A),03/06 Abidjan (CHZ),16/06 Antony (CHZ),16/06 Lima (CHZ),20/06 Delhi (CHZ),23/07 Hong Kong (CHM),Total points
1,EGORIAN Yana,RUS,,,,,,,6.0,12.0,20.0,8.0,26.0,48.0,20.0,,39.0,,,10.0,175.0
2,BATTAI Sugar Katinka,HUN,,,,,,26.0,6.0,12.0,14.0,2.0,32.0,3.0,20.0,,21.0,,,50.0,175.0
3,MIKHAILOVA Alina,RUS,,,,,,20.0,12.0,48.0,4.0,32.0,2.0,12.0,14.0,,12.0,,,35.0,173.0
4,ILIEVA Yoana,BUL,,,,,4.0,20.0,21.0,21.0,8.0,26.0,4.0,30.0,4.0,,21.0,,,20.0,159.0
5,MARTIN-PORTUGUES Lucia,ESP,,,,,,14.0,3.0,30.0,14.0,14.0,8.0,6.0,4.0,,48.0,,,20.0,148.0
6,NOUTCHA Sarah,FRA,,,,,,,,6.0,32.0,,14.0,6.0,32.0,,21.0,,,35.0,146.0
7,BALZER Sara,FRA,,,,,,8.0,30.0,3.0,8.0,,8.0,21.0,8.0,,6.0,,,65.0,146.0
8,TORI Toscane,FRA,,,,,,2.0,,21.0,4.0,,4.0,3.0,14.0,,30.0,,,50.0,126.0
9,BATTISTON Michela,ITA,,,,,,2.0,48.0,12.0,20.0,8.0,8.0,3.0,4.0,,6.0,,,20.0,122.0
10,EIFLER Larissa,GER,,,4.0,,,,12.0,3.0,4.0,,,3.0,8.0,,3.0,,,80.0,114.0
11,JEON Hayoung,KOR,,,,,,32.0,12.0,21.0,8.0,2.0,8.0,3.0,8.0,,,,12.0,20.0,113.0
12,EMURA Misaki,JPN,,,,,,,6.0,39.0,26.0,8.0,,,,,,,12.0,20.0,111.0
13,CHAMBERLAIN Maia,USA,,,,,,4.0,3.0,6.0,8.0,8.0,14.0,39.0,8.0,,,12.0,,20.0,109.0
14,CHOI Sebin,KOR,,,,,,,,,,1.0,0.5,1.5,26.0,,,,39.0,35.0,103.0
15,SPIESZ Anna,HUN,,,,,,8.0,39.0,3.0,14.0,4.0,8.0,12.0,4.0,,6.0,,,5.0,92.0
16,ERBIL Nisanur,TUR,,,,4.0,,14.0,3.0,30.0,2.0,2.0,8.0,3.0,8.0,,12.0,,,10.0,86.0
17,SZUCS Luca,HUN,,,,,,4.0,21.0,3.0,4.0,4.0,20.0,6.0,2.0,,21.0,,,10.0,86.0
18,KOMASHCHUK Alina,UKR,,,,,,4.0,6.0,6.0,2.0,4.0,20.0,3.0,2.0,,30.0,,,10.0,80.0
19,VIALE Mariella,ITA,,,,,,2.0,30.0,3.0,2.0,2.0,4.0,6.0,14.0,,12.0,,,10.0,79.0
20,NAVARRO Araceli,ESP,,,,,,2.0,3.0,12.0,2.0,8.0,2.0,30.0,14.0,,6.0,,,5.0,78.0
21,APITHY Manon,FRA,,,,,,4.0,12.0,6.0,14.0,,8.0,6.0,,,12.0,,,20.0,78.0
22,GEORGIADOU Despina,GRE,,,,2.0,,14.0,12.0,21.0,2.0,8.0,,,8.0,,12.0,,,2.5,77.5
23,RAO Xueyi,CHN,,,,,,,3.0,,4.0,20.0,2.0,6.0,4.0,,,,30.0,10.0,77.0
24,SANO Yui,JPN,,,,,,4.0,6.0,1.5,0.5,2.0,1.0,1.5,2.0,,,,48.0,10.0,73.5
25,BOTELLO Natalia,MEX,,,,,,,0.0,,1.0,,4.0,1.5,4.0,,,48.0,,10.0,68.5
26,DAYIBEKOVA Zaynab,UZB,,2.0,,0.5,,2.0,6.0,6.0,1.0,1.0,,6.0,4.0,,,,6.0,35.0,65.0
27,NIKITINA Olga,RUS,,,,,,14.0,21.0,6.0,2.0,4.0,1.0,3.0,4.0,,6.0,,,5.0,60.0
28,KIM Jeongmi,KOR,,,,,,8.0,6.0,3.0,2.0,14.0,2.0,12.0,4.0,,,,12.0,2.5,58.5
29,PAN Qimiao,CHN,,,,,,2.0,6.0,,4.0,8.0,4.0,3.0,2.0,,,,21.0,10.0,56.0
30,SPICA Manuela,ITA,,,1.0,,,2.0,6.0,3.0,2.0,4.0,4.0,21.0,2.0,,12.0,,,5.0,55.0
31,KEHLI Zohra Nora,ALG,,,,,,0.5,0.0,1.5,,,,,,48.0,,,,1.25,51.25
32,KATONA Renata,HUN,,,,,,8.0,21.0,12.0,,,,,,,,,,10.0,51.0
33,PERDEBAEVA Gulistan,UZB,,,,0.25,,2.0,1.5,1.5,0.5,2.0,0.5,6.0,4.0,,,,30.0,5.0,50.5
34,SEO Jiyeon,KOR,,,,,,8.0,1.5,3.0,0.5,14.0,1.0,6.0,2.0,,,,12.0,5.0,50.0
35,LIU Sophie,USA,,,,,,,,6.0,8.0,,,3.0,1.0,,,12.0,,20.0,50.0
36,HWANG Gabriela Maria Lin,PUR,,,,,,1.0,0.0,,1.0,,4.0,,0.5,,,39.0,,2.5,48.0
37,MIKHAILOVA Aleksandra,RUS,,,,,,4.0,3.0,3.0,4.0,,14.0,12.0,2.0,,6.0,,,5.0,48.0
38,KASPIAROVICH Palina,AZE,,,,,2.0,2.0,3.0,,2.0,20.0,1.0,,1.0,,6.0,,,10.0,45.0
39,ROTILI Claudia,ITA,,,,,,0.5,12.0,0.75,8.0,1.0,1.0,12.0,2.0,,6.0,,,2.5,43.5
40,SIT Summer Fay,HKG,,,,,,,,0.75,1.0,2.0,2.0,3.0,4.0,,,,21.0,10.0,43.0
41,PAREDES TORRES Katherine F.,VEN,,,,,,2.0,,,,2.0,0.25,0.75,2.0,,,30.0,,5.0,42.0
42,SULLIVAN Siobhan,USA,,,,,,2.0,3.0,3.0,4.0,2.0,4.0,,2.0,,,21.0,,5.0,42.0
43,DAGHFOUS Yasmine,TUN,,,,,,,,0.0,,0.0,0.0,0.0,,39.0,,,,1.25,40.25
44,CIESLAR Zuzanna,POL,,,,,,4.0,6.0,,2.0,4.0,2.0,12.0,2.0,,6.0,,,5.0,39.0
45,PERRONI Maria Alicia,ARG,,0.25,,,0.5,,1.5,,,,,,1.0,,,30.0,,5.0,38.25
46,ZHANG Xinyi,CHN,,,,,,8.0,1.5,,4.0,2.0,2.0,3.0,4.0,,,,12.0,5.0,38.0
47,KANEKO Yuina,JPN,,,,,,2.0,0.75,6.0,,2.0,2.0,1.5,8.0,,,,12.0,5.0,37.0
48,HENG Juliet Jie Min,SGP,,0.25,,2.0,,,0.0,1.5,2.0,,,0.0,,,,,21.0,10.0,36.75
49,POSSICK Lola,USA,,,,,,2.0,0.375,6.0,1.0,1.0,1.0,,2.0,,,21.0,,2.5,35.5
50,NOFAL Nagwa,EGY,,,,,,,,,,,,,,30.0,,,,5.0,35.0
51,WEI Jiayi,CHN,,,,,,2.0,1.5,,4.0,2.0,2.0,1.5,8.0,,,,12.0,2.5,32.5
52,GULIK Anastassiya,KAZ,,,,,,1.0,1.5,0.0,,1.0,2.0,0.0,0.5,,,,21.0,5.0,32.0
53,OZAKI Seri,JPN,,,,,,4.0,3.0,6.0,1.0,1.0,0.5,3.0,4.0,,,,6.0,5.0,31.0
54,BOUNGAB Abik,ALG,,,,,,,,0.0,,,0.0,,,30.0,,,,0.0,30.0
55,CLAPIER Faustine,FRA,,,,,,2.0,3.0,12.0,8.0,,1.0,3.0,2.0,,,,,,28.0
56,SARYBAY Aigerim,KAZ,,,,,,2.0,3.0,0.0,,2.0,1.0,3.0,,,,,12.0,5.0,28.0
57,BERDER Cecilia,FRA,,,,,,4.0,6.0,3.0,,,8.0,6.0,,,,,,,27.0
58,VELIKAYA Sofya,RUS,,,,,,,0.75,,,4.0,0.5,21.0,,,,,,,26.25
59,POPOVA Evelina,RUS,,,,,,2.0,12.0,6.0,2.0,2.0,4.0,,,,,,,,26.0
60,MORMILE Chiara,ITA,,,,,,8.0,3.0,6.0,4.0,4.0,1.0,3.0,2.0,,,,,,25.0
61,LIU Yifei,CAN,,,,,,0.5,,,0.25,,,,,,,21.0,,2.5,24.25
62,SHOROKHOVA Anastasiya,RUS,,,,,,2.0,3.0,3.0,2.0,14.0,2.0,1.5,2.0,,,,,,24.0
63,ELDOKSH Renad,EGY,,,,,,,,,,,,,,21.0,,,,2.5,23.5
64,LI Wanxuan,CHN,,,,,,,,,1.0,,,21.0,1.0,,,,,,23.0
65,SERGEEVA Milena,RUS,,,,,,0.5,,12.0,2.0,4.0,0.5,3.0,2.0,,,,,,23.0
66,BONDAR Oleksandra,UKR,,,,,1.0,1.0,0.375,0.75,0.5,1.0,0.5,,2.0,,12.0,,,5.0,22.75
67,HERNANDEZ Elena,ESP,,,,,,0.5,0.75,3.0,2.0,4.0,0.5,1.5,1.0,,6.0,,,5.0,22.5
68,ESSOMBA Lorina,CMR,,,,,,0.0,,,,,,,,21.0,,,,1.25,22.25
69,YUN Soyeon,KOR,,,,,,4.0,0.75,3.0,0.5,1.0,1.0,12.0,2.0,,,,,,22.0
70,BLANCO NARVAEZ Maria Angelica,COL,,,,,,,,,,,,,0.5,,,21.0,,,21.5
71,BENADOUDA Chaima,ALG,,,,,,0.0,,,,,0.25,,,21.0,,,,,21.25
72,DIEDHIOU Awa,SEN,,,,,,0.0,,,,,,,,21.0,,,,,21.0
73,VASILEVA Veronika,BUL,,,0.5,0.5,0.25,1.0,3.0,0.0,2.0,2.0,2.0,,,,6.0,,,5.0,21.0
74,NEIKOVA Emma,BUL,,,0.5,1.0,0.5,0.5,0.0,1.5,4.0,4.0,2.0,,,,3.0,,,5.0,20.5
75,KUVAEVA Alexandra,GEO,,,,,,1.0,12.0,,,,2.0,,,,3.0,,,2.5,20.5
76,CRISCIO Martina,ITA,,,,,,1.0,6.0,3.0,,4.0,4.0,3.0,0.5,,,,,,20.0
77,PEREZ CUENCA Celia,ESP,,,,,,1.0,0.0,3.0,2.0,0.5,1.0,0.75,2.0,,6.0,,,5.0,20.0
78,DOSPAY Karina,KAZ,,,,,,1.0,3.0,1.5,,1.0,0.5,0.75,2.0,,,,6.0,5.0,19.5
79,WATOR Angelika,POL,,,,,,1.0,3.0,,1.0,4.0,0.25,,,,0.0,,,10.0,19.25
80,HERBON Felice,GER,,,0.25,,,0.5,3.0,6.0,0.5,0.5,1.0,3.0,1.0,,0.0,,,5.0,19.0
81,LISINA Alena,RUS,,,,,,1.0,1.5,0.75,1.0,1.0,14.0,0.75,0.25,,,,,,18.5
82,HERRERA LARA Luisa Fernanda,UZB,,0.5,,1.0,,1.0,0.75,1.5,0.0,,,3.0,0.5,,,,6.0,5.0,18.25
83,VONGSAVADY Malina,FRA,,,,,,4.0,1.5,3.0,4.0,,4.0,3.0,0.5,,,,,,18.0
84,LUPU Andreea,ROU,,,,,3.0,,,,,,0.25,0.0,,,12.0,,,2.5,17.75
85,CHOI Jiyoung,KOR,,,,,,,0.75,12.0,0.0,1.0,,3.0,1.0,,,,,,17.75
86,LEUNG Lok Man Laren,HKG,,,,,,0.5,0.75,3.0,1.0,2.0,1.0,0.0,2.0,,,,6.0,2.5,17.5
87,CORTEYN Jolien,BEL,,4.0,,,,0.5,1.5,0.0,2.0,,0.5,3.0,4.0,,0.0,,,2.5,17.0
88,PUSZTAI Liza,HUN,,,,,,2.0,3.0,1.5,4.0,2.0,1.0,3.0,2.0,,3.0,,,,17.0
89,KARIMOVA Sabina,AZE,,,,,0.25,2.0,0.75,,2.0,1.0,4.0,,2.0,,3.0,,,2.5,16.5
90,KLEIN Louise,FRA,,3.0,,,,2.0,3.0,6.0,2.0,,2.0,1.5,0.5,,,,,,16.0
91,KOBAYASHI Kanae,JPN,,,,,,2.0,3.0,3.0,2.0,1.0,0.25,6.0,1.0,,,,,,16.0
92,CIESLAR Julia,POL,,,,,,0.5,0.375,,0.5,4.0,1.0,,2.0,,3.0,,,5.0,16.0
93,COVALIU Amalia,ROU,,,,,0.5,2.0,,3.0,,,0.25,,,,,,,10.0,15.75
94,GUNGOR Nil,TUR,,,,1.0,,1.0,,,,2.0,0.5,,,,6.0,,,5.0,15.5
95,FUSEA Anastasia,ROU,,,,,0.5,1.0,,1.5,,,4.0,,,,6.0,,,2.5,15.5
96,APONTE Yesimar,VEN,,,,,,0.5,,,,,,,0.5,,,12.0,,2.5,15.5
97,LAU Yee Ching,HKG,,,,,,1.0,3.0,0.75,0.0,0.5,1.0,0.0,1.0,,,,6.0,2.5,15.25
98,MAXWELL Caitlin,GBR,,,0.25,,,0.0,6.0,1.5,,,2.0,,,,3.0,,,2.5,15.25
99,KESZEI Kira,HUN,,,,,,8.0,1.5,1.5,2.0,2.0,0.5,,1.0,,,,,,15.0
100,HEGAZY Alanoud,EGY,,,,,,,,,,,,,,12.0,,,,2.5,14.5
101,FUSETTI Carlotta,ITA,,,,,,2.0,1.5,1.5,0.0,4.0,4.0,3.0,0.5,,,,,,14.5
102,KOROLEVA Alina,RUS,,,,,,4.0,0.75,1.5,0.5,0.5,2.0,6.0,,,,,,,14.25
103,FUNKE Julika,GER,,,0.25,,,,1.5,,,,,,1.0,,6.0,,,5.0,13.75
104,CHU Wing Kiu,HKG,,,,,,0.5,0.75,3.0,0.5,2.0,1.0,1.5,0.5,,,,3.0,2.5,13.75
105,STEMPER Lena,GER,,1.0,0.25,,,1.0,3.0,1.5,0.5,1.0,0.5,,4.0,,3.0,,,0.0,13.5
106,LUSINIER Kelly,FRA,,,,,,0.5,3.0,3.0,1.0,,4.0,1.5,2.0,,,,,,13.5
107,WAKITA Jumi,JPN,,,,,,4.0,6.0,0.75,1.0,1.0,1.0,1.5,1.0,,,,,,13.5
108,KLIUCHNIKOVA Alina,RUS,,,,,,0.5,,3.0,2.0,2.0,,6.0,,,,,,,13.5
109,VALENTIN Heyddys,DOM,,,,,,,,,0.0,0.0,,,0.0,,,12.0,,1.25,13.25
110,CABEZAS Florencia,CHI,,,,,0.25,1.0,,,,0.0,,,0.0,,,12.0,,,13.25
111,CHADALAVADA ANANDHA SUNDHARARAMAN Bhavani Devi,IND,,,,3.0,,,,,,,,3.0,1.0,,,,6.0,,13.0
112,TAKAHASHI Chirika,JPN,,,,,,2.0,6.0,0.75,2.0,1.0,2.0,0.75,1.0,,,,,,13.0
113,ESPINOSA VELOSO Candela Belen,ARG,,,,,,,,,,,,,0.5,,,12.0,,,12.5
114,BORRELLI Catalina Sol,ARG,,,,,,,,,,,,,0.5,,,12.0,,,12.5
115,MANGA Alejandra,FRA,,,,,,,1.5,3.0,8.0,,,,,,,,,,12.5
116,MOUROUX Mathilde,FRA,,,,,,2.0,1.5,3.0,4.0,,2.0,,,,,,,,12.5
117,HUSEYNOVA Zarifa,AZE,,,,,1.0,0.0,0.375,,1.0,0.5,0.5,,1.0,,3.0,,,5.0,12.0
118,MOHAMED BELKEBIR Kaouther,ALG,,,,,,,,0.0,,,0.0,,,12.0,,,,0.0,12.0
119,DEMBELE Aichata,MLI,,,,,,,,,,,,,,12.0,,,,,12.0
120,THURGOOD Madison,CAN,,,,,,,,,0.0,,,,,,,12.0,,0.0,12.0
121,DIOP Awa,SEN,,,,,,,,,,,,,,12.0,,,,,12.0
122,ODERENI RAISHAT,CIV,,,,,,,,,,,,,,12.0,,,,,12.0
123,DIALLO Tening,SEN,,,,,,,,,,,,,,12.0,,,,,12.0
124,CAMARA NOURA LAETTIA MARIE CHRISTINE,CIV,,,,,,,,,,,,,,12.0,,,,,12.0
124,KIM Ha-Eun,KOR,,,,,,,,,,,,12.0,,,,,,,12.0
126,HRAMOVA Olga A.,BUL,,,,,,,,,,,,,2.0,,,,,10.0,12.0
127,PASSARO Eloisa,ITA,,,,,,2.0,1.5,3.0,2.0,2.0,2.0,3.0,1.0,,,,,,12.0
128,SHOKIROVA Samira,UZB,,,,0.5,,2.0,0.0,0.75,0.5,1.0,0.25,1.5,,,,,6.0,,11.75
129,WIECKIEWICZ Maria,POL,,,,,,1.0,0.75,,2.0,0.5,2.0,,0.5,,3.0,,,2.5,11.75
130,KIKUCHI Kokona,JPN,,,,,,1.0,3.0,3.0,2.0,2.0,1.0,1.5,0.5,,,,,,11.5
131,IVANOVA Beloslava,BUL,,,,1.0,1.0,0.5,0.75,6.0,2.0,0.0,0.5,,,,,,,,10.75
132,ARPINO Giulia,ITA,,0.0,,,,,,,,8.0,,1.5,1.0,,,,,,10.5
133,LIN Kesi,CHN,,,,,,,,,0.5,2.0,2.0,6.0,,,,,,,10.5
134,GARGANO Rebecca,ITA,,,,,,4.0,1.5,0.75,1.0,2.0,,,2.0,,,,,,10.5
135,LEE Jueun,KOR,,,,,,0.0,1.5,3.0,1.0,2.0,1.0,3.0,0.25,,,,,,10.5
136,DI CARLO Alessia,ITA,,,,,,1.0,3.0,3.0,1.0,,2.0,1.5,,,,,,,10.5
137,LEE Alexandra,USA,,,,,,1.0,3.0,1.5,2.0,,,3.0,,,,,,,10.5
138,JUMAMURATOVA Ayakoz,UZB,,,,,,,,,4.0,,0.5,0.75,,,,,,5.0,10.25
139,POZDNIAKOVA Sofia,RUS,,,,,,4.0,6.0,,,,,,,,,,,,10.0
140,XIAO Julie,CAN,,,,,,,,,,,1.0,,,,,6.0,,2.5,9.5
141,ZHANYBEK Kaisha,KAZ,,,,,,,,0.75,,,0.0,,,,,,6.0,2.5,9.25
142,GONTSOVA Daria,UKR,,,,,,0.5,0.75,,,0.5,2.0,,0.5,,,,,5.0,9.25
143,RIFKISS Margaux,FRA,,0.0,,,,,3.0,6.0,,,,,,,,,,,9.0
144,BUITENHUIS Marleen,NED,,0.0,0.5,,0.5,,1.5,,,,0.25,,,,6.0,,,,8.75
145,GUPTA Shreya,IND,,,,,,,,0.0,,0.0,0.25,,,,,,6.0,2.5,8.75
146,PEDRAZA Regina,MEX,,,,,,,,,0.0,,,,,,,6.0,,2.5,8.5
147,PHOKAEW Tonkhaw,THA,,,,,,,,,,,,0.0,,,,,6.0,2.5,8.5
148,LIU Binshu,CHN,,,,,,,1.5,,2.0,1.0,4.0,,,,,,,,8.5
149,TRANQUILLE Lola,FRA,,,,,,0.5,0.0,,,,,6.0,2.0,,,,,,8.5
150,GALLARDO Itziar,ESP,,,,,,0.5,0.75,3.0,0.5,0.5,2.0,0.75,2.0,,,,,,8.5
151,LIU Zhi Jun,CAN,,,,,,,,,1.0,,,,0.0,,,6.0,,1.25,8.25
152,KOROTCHENKO Viktoriia,UKR,,,,,1.0,0.5,,,0.5,,0.5,,0.5,,0.0,,,5.0,8.0
153,STRZALKOWSKI Aleksandra,USA,,,,,,2.0,0.75,1.5,0.25,1.0,,1.5,2.0,,,,,,8.0
154,MOCCI Vittoria,ITA,,,,,,1.0,,1.5,1.0,,2.0,1.5,2.0,,,,,,8.0
155,GETTE Elisabeth,GER,,,1.0,,,0.5,0.75,0.75,0.5,1.0,2.0,3.0,,,,,,,7.75
156,VENTURA Maria,ESP,,,,,,0.5,3.0,1.5,0.0,2.0,0.25,0.75,0.5,,,,,,7.75
157,SUTO Mitsuki,JPN,,,,,,4.0,0.75,0.75,0.5,,,1.5,,,,,,,7.5
158,LANDI Michela,ITA,,,,,,0.5,3.0,1.5,0.5,0.5,2.0,,,,,,,,7.5
159,TOBAR Fatima,ESA,,,,,,,,,,,,,0.0,,,6.0,,1.25,7.25
160,JEFARLIN J S,IND,,,,,,,0.0,,,0.0,,,,,,,6.0,1.25,7.25
161,MUNOZ Yolanda,CHI,,,,,0.25,0.5,,,,0.0,,,0.25,,,6.0,,,7.0
162,KOUROUSI Anna Kalliopi,GRE,,,,,0.25,0.25,1.5,0.0,0.5,,0.25,,,,3.0,,,1.25,7.0
163,BASHTA Anna,AZE,,,,,,,,,,2.0,0.25,,2.0,,0.0,,,2.5,6.75
164,KURZAWA Marisa Victoria,GER,,0.25,2.0,,,1.0,,,,,1.0,1.5,1.0,,,,,,6.5
165,HNIDASHEVA Valeriia,UKR,,0.5,,,0.25,,,,0.5,1.0,1.0,,,,3.0,,,,6.25
166,BELTRAN Alejandra,MEX,,,,,,,,,0.25,,,,,,,6.0,,,6.25
167,TAN Jermaine Ruo Ting,SGP,,0.0,,0.25,,,,0.0,,,,,,,,,6.0,,6.25
168,MOROS Andrea,VEN,,,,,,0.0,,,,0.0,,,0.25,,,6.0,,0.0,6.25
169,BELTRAN ROJAS Valentina,COL,,,,,,,,,,,,,0.25,,,6.0,,,6.25
170,PRIETO JIMENEZ Ariana,VEN,,,,,,0.0,,,,0.0,,,0.25,,,6.0,,,6.25
171,RIOUX Cyrielle,FRA,,,,,,,0.75,,1.0,,0.5,,4.0,,,,,,6.25
172,ANDRES Charmaine,USA,,,,,,2.0,1.5,,2.0,,,0.75,,,,,,,6.25
173,TROIS Karina,BRA,,,,,,,,,,,,,,,,6.0,,,6.0
174,PEKELMAN Luana,BRA,,,,,,,,,,,,,,,,6.0,,,6.0
175,FRAATZ Kreestel,GUA,,0.0,,,,,,,,,,0.0,,,,6.0,,,6.0
176,JI Young Kyoung,KOR,,,,,,,,,,,,6.0,,,,,,,6.0
177,FRAGA Ana Beatriz,BRA,,,,,,,,,,,,,,,,6.0,,,6.0
178,NICANOR Jylyn,PHI,,,,,,,,,,,,,,,,,6.0,0.0,6.0
179,CHAVEZ Vanessa,MEX,,,,,,,,,0.0,,,,,,,6.0,,0.0,6.0
180,BOSSAY Sofia,CHI,,,,,,,,,,,,,,,,6.0,,,6.0
181,DALMACIO Queen Denise,PHI,,,,,,,,,,,,,,,,,6.0,0.0,6.0
182,TANG Ka Yng Lorraine,AUS,,,,,,,,,,,,0.0,,,,,6.0,0.0,6.0
183,LEYVA VANEGAS Maria,COL,,,,,0.0,,,,,,,,0.0,,,6.0,,,6.0
184,KOZACZUK Malgorzata,POL,,,,,,1.0,3.0,,,2.0,,,,,,,,,6.0
185,KOVACS Sophia,USA,,,,,,,1.5,1.5,,1.0,1.0,,1.0,,,,,,6.0
186,YE Minhui,CHN,,,,,,,0.375,,1.0,1.0,2.0,1.5,,,,,,,5.875
187,D-SALLOWS Keira,GBR,,,,,,,0.75,1.5,,,1.0,,,,0.0,,,2.5,5.75
188,CHOI Hyejung,KOR,,,,,,0.0,0.75,1.5,1.0,1.0,,1.5,,,,,,,5.75
189,COUDERC Annah,FRA,,2.0,,,,1.0,1.5,,0.5,,0.5,,,,,,,,5.5
190,LIM Jae Jia En,SGP,,0.5,,0.5,,,,0.0,,,0.25,0.0,,,,,3.0,1.25,5.5
191,ROBINEAUX Rita,FRA,,,,,,,1.5,,,,,3.0,1.0,,,,,,5.5
192,LENKIEWICZ Zuzanna,POL,,,,,,1.0,1.5,,,1.0,2.0,,,,,,,,5.5
193,PASTUKHOVA Alina,RUS,,,,,,1.0,3.0,1.5,,,,,,,,,,,5.5
194,SHAN Yifan,CHN,,,,,,,,,0.5,4.0,,0.0,0.5,,,,,,5.0
195,LENTINI Francesca Romana,ITA,,,,,,,,,,1.0,,3.0,1.0,,,,,,5.0
196,SAYLES Nina,USA,,,0.5,,,0.5,,0.75,0.5,2.0,1.0,,0.5,,,,,,4.75
197,LU Vivian,USA,,,,,,0.5,1.5,,0.25,,1.0,0.75,1.0,,,,,,4.75
198,MALDONADO DELGADO Odalis Judith,ESA,,,,,,,,,0.0,,,,0.25,,,3.0,,1.25,4.5
199,TANZMEISTER Franziska,AUT,4.0,,,0.25,0.0,,,0.0,,,,,,,0.0,,,0.0,4.25
200,GREENBAUM Atara,USA,,,,,,0.0,0.75,3.0,,,,,0.5,,,,,,4.25
201,ITAHASHI Kanako,JPN,,,,,,1.0,1.5,0.0,,0.0,0.25,1.5,,,,,,,4.25
202,TSANG Yuet Ching,HKG,,,,,,1.0,0.75,1.5,0.25,,0.5,0.0,0.5,,,,,,4.25
203,BECHYNOVA Karolina,CZE,,1.0,0.5,,,,0.0,,,0.0,,,,,,,,2.5,4.0
204,ZINIUKHINA Mariia,RUS,,,,,,,,3.0,,,0.5,,0.5,,,,,,4.0
205,GRAUDINS Victoria,GER,,0.0,0.5,,,0.25,0.0,0.0,,0.5,2.0,,0.5,,,,,,3.75
206,HIRSCHFELD Anastasija,GER,,0.5,0.25,,,0.0,0.0,0.0,,1.0,2.0,,,,,,,,3.75
207,SIVA KUMAR Thhivya Ashti,SGP,,0.25,,0.25,,,,0.0,,,0.25,,,,,,3.0,0.0,3.75
208,POLLI Maria Clementina,ITA,,0.5,,,,,3.0,,,,,,,,,,,,3.5
209,ALDERETE CHAVEZ Ana Maria,COL,,,,,,,,,,,,,0.5,,,3.0,,,3.5
210,WOJCIK Gabriela,POL,,,,,,2.0,0.0,,0.25,,0.25,,1.0,,,,,,3.5
211,CORN Frida,AUT,2.0,0.0,0.0,0.25,0.25,0.0,,0.75,,,0.0,,,,,,,,3.25
212,GRAUDINS Catalin,GER,,0.5,0.5,,,,0.75,1.5,,,0.0,,,,,,,,3.25
213,JAKSYBAEVA Nargiza,UZB,,,,0.5,,1.0,,0.75,1.0,,,,,,,,,,3.25
214,SOMPHAO Arisara,THA,,,,,,,,,,,,0.75,,,,,0.0,2.5,3.25
215,SHAPOSHNIKOVA Zlata,RUS,,,,,,,,,,2.0,0.25,,1.0,,,,,,3.25
216,AAKHRI Aakhri,IND,,,,,,,,,,2.0,,,,,,,,1.25,3.25
217,RAZGUTE Giedre,LTU,3.0,,,,,,,,,,,,,,,,,,3.0
217,FUSETTI Benedetta,ITA,,,3.0,,,,,,,,,,,,,,,,3.0
219,MASA Csenge,HUN,,,1.0,,,,0.0,1.5,,,0.5,,,,,,,,3.0
220,COLON Aydill Marie,PUR,,,,,,,,,,,0.0,,0.0,,,3.0,,,3.0
221,TEEKA Kanrawee,THA,,,,,,,,,,,,0.0,,,,,3.0,,3.0
222,GARCIA DIAZ Amelia Julissa,NCA,,,,,,,,,,,,,,,,3.0,,,3.0
223,VIEIRA Camila,BRA,,,,,,,,,,,,,,,,3.0,,,3.0
224,MARTINEZ DE LOS SANTOS Melody Rochell,DOM,,,,,,,,,0.0,0.0,,,0.0,,,3.0,,,3.0
225,BAEZ FELICIANO Sophia,PUR,,,,,,,,,,,,,0.0,,,3.0,,,3.0
226,QUIROGA Flavia,BOL,,,,,,,,,,,,,,,,3.0,,,3.0
227,DOMONKOS Emese,HUN,,,,,,,1.5,1.5,,,,,,,,,,,3.0
228,MA Caoqian,CHN,,,,,,,0.0,,0.5,1.0,,1.5,,,,,,,3.0
229,TSUI Natalie,USA,,,,,,,,1.5,1.0,,0.5,,,,,,,,3.0
230,MELNYCHUK Yelyzaveta,UKR,,,,,,,0.375,,1.0,,0.5,,1.0,,,,,,2.875
231,SOBAL Yana,BLR,,,,,,2.0,,0.75,,,,,,,0.0,,,,2.75
232,MARTIS Sabina,ROU,,,,,2.0,,,,,,0.5,,,,,,,,2.5
233,KOVACS Zsanett,HUN,,,0.25,,,,1.5,0.75,,,0.0,,,,,,,,2.5
234,WONGTHONGSRI Peempat,THA,,,,,,,,,,,,0.0,,,,,0.0,2.5,2.5
235,JOSHI Shruti,IND,,,,,,,,,,,,,,,,,0.0,2.5,2.5
236,CHART Maria,GBR,,,,,,,0.0,1.5,,0.0,,,1.0,,0.0,,,0.0,2.5
237,PRIKHODKO Tatyana,KAZ,,,,,,,,1.5,,0.5,0.5,0.0,,,,,,,2.5
238,KIM Dohee,KOR,,,,,,,,,,1.0,,1.5,,,,,,,2.5
239,TALLADA Karina,RUS,,,,,,,,,,,,1.5,1.0,,,,,,2.5
240,PITHAKDUANGKAMOL Poonyanuch,THA,,,,,,,,,,,,0.0,,,,,,2.5,2.5
241,CHIANG Enli,NED,2.0,0.25,,,,,,,,,,,,,,,,,2.25
242,NITSCHMANN Tiziana,GER,,0.0,1.0,,,1.0,0.0,0.0,,,0.25,,,,,,,,2.25
243,CIARAGLIA Sofia,ITA,,,2.0,,,,,,,,,,,,,,,,2.0
244,GEORGIEVA Mariela,BUL,,,,0.25,0.25,,1.5,0.0,,,,,,,,,,,2.0
245,RAHACHEUSKAYA Katsiaryna,BLR,,,,,,0.5,0.0,1.5,,,,,,,0.0,,,,2.0
246,LAURI Keira,USA,,,,,,,,,2.0,,,0.0,,,,,,,2.0
247,FIDRY Maele,FRA,,,,,,0.5,1.5,,,,,,,,,,,,2.0
248,CHIARELLI Valentina,USA,,,,,,,,,0.5,1.0,0.5,,,,,,,,2.0
249,CSONKA Dorottya,HUN,,,,,,,1.5,,,,0.5,,,,,,,,2.0
250,YAMAZAKI Hinano,JPN,,,,,,,0.0,0.0,,,0.25,0.75,1.0,,,,,,2.0
251,KOBER Josephine,GER,,1.0,0.25,,,,0.0,,,,0.5,,,,,,,,1.75
252,FERNANDEZ Martina,USA,,,,,,,,,1.0,,,0.75,,,,,,,1.75
253,JEON Eunhye,KOR,,,,,,,,,,,0.25,1.5,,,,,,,1.75
254,WANG Callie,USA,,,,,,,,,0.25,,,1.5,,,,,,,1.75
255,ALMASRI Ruba,KSA,,0.0,,0.5,,0.5,0.0,0.0,,0.0,0.0,0.0,0.5,,,,,,1.5
256,SEZILLE Hui Xin,GBR,,0.25,0.25,,,,0.75,,,,0.25,,,,0.0,,,,1.5
257,HERBON Cisanne,GER,,0.0,0.25,,,,,,,0.5,,0.75,,,,,,,1.5
258,SZANISZLO Dorottya,HUN,,,0.25,,,,,0.75,,,0.0,,0.5,,,,,,1.5
259,POTTER Sophia,GBR,,0.25,0.0,,,,0.0,,,,0.0,,,,,,,1.25,1.5
260,WEBER Christine,GER,,0.0,0.0,,,,0.75,,,0.5,0.25,,,,,,,,1.5
261,JOHNSON Honor,USA,,,,,,,,1.5,0.0,,,0.0,,,,,,,1.5
262,SEON Eunbi,KOR,,,,,,,,,,,,1.5,,,,,,,1.5
263,HONG Haeun,KOR,,,,,,,,,,,,1.5,,,,,,,1.5
264,MCKEE Brynnley,USA,,,,,,,,,0.5,,,,1.0,,,,,,1.5
265,LAU Wing Yi,HKG,,,,,,,0.0,,1.0,,,0.0,0.5,,,,,,1.5
266,SIT Summer Jane,HKG,,,,,,,,,0.0,,,1.5,,,,,,,1.5
267,LEE Seul,KOR,,,,,,,,,,,,1.5,,,,,,,1.5
268,YANG Yesol,KOR,,,,,,,,,,,,1.5,,,,,,,1.5
269,HUAI Delilah,USA,,,,,,,0.75,,0.5,,0.25,,0.0,,,,,,1.5
270,PATRICE Aurore,FRA,,,,,,,0.375,,,,,,1.0,,,,,,1.375
271,SUTTON Maya,GBR,,0.25,0.0,,,,0.75,,,,0.25,,,,,,,,1.25
272,DUMITRU Catinca,ROU,,,,,,0.25,,,1.0,,,,,,0.0,,,,1.25
273,LEOU Korina,USA,,,,,,,,,0.25,1.0,0.0,,,,,,,,1.25
274,ALEXE Maria,ROU,,,,,,,,,0.0,,0.25,,1.0,,,,,,1.25
275,FERRER FERRER Orquidia De La Caridad,CUB,,,,,,,,,,,,,,,,,,1.25,1.25
276,CHEN Ashley,CAN,,,,,,,0.75,,0.0,,,,0.5,,,,,,1.25
277,PEER Naama,ISR,1.0,,,,0.0,,,,,,,,,,,,,,1.0
278,LUNDGREEN Olivia,DEN,1.0,0.0,0.0,,,,0.0,0.0,,,,,,,0.0,,,0.0,1.0
279,JONSDOTTIR Karitas,ISL,1.0,,,,,,,,,,,,,,,,,,1.0
280,ABAY Kyle,GBR,1.0,,0.0,,,,,,,,,,,,,,,,1.0
281,WULLUS Carmen,FRA,,1.0,,,,,0.0,,,,,,,,,,,,1.0
282,PAK Kaitlyn,USA,,,,,,,,,1.0,,,,,,,,,,1.0
283,SIDZELNIKAVA Uladzislava,BLR,,,,,,1.0,,,,,,,,,,,,,1.0
284,FESTA Carina,USA,,,,,,,,,1.0,,,,,,,,,,1.0
285,BABANDO Mathilde,FRA,,,,,,,0.0,,,,,,1.0,,,,,,1.0
286,ISSABEKOVA Dilyara,KAZ,,,,,,,,0.0,,1.0,0.0,,,,,,,,1.0
287,DJAMIRZE Zara,AUS,,,,,,,,,1.0,,,,,,,,,,1.0
288,KO Polina,KAZ,,,,,,,,,,0.0,1.0,,,,,,,,1.0
289,MACKAY Katherine,USA,,,,,,,,,1.0,,,,,,,,,,1.0
290,KWON Hannah,USA,,,,,,,,,,,1.0,0.0,,,,,,,1.0
291,CHEN Ying,CHN,,,,,,,0.0,,1.0,0.0,,,,,,,,,1.0
292,VALLATTUPARAMBIL SUNNY Alka,IND,,,,,,,,,,0.0,1.0,,,,,,,,1.0
293,ZHU Ranling,CHN,,,,,,1.0,,,,,,,,,,,,,1.0
294,BENDE Barbara,HUN,,,,,,,,,,,1.0,,,,,,,,1.0
295,JEON Yuju,KOR,,,,,,,,,,,1.0,,,,,,,,1.0
296,LEE Hanah,KOR,,,,,,,,,0.25,,,0.75,,,,,,,1.0
297,PORADA Zuzanna,POL,,,,,,,0.375,,0.0,,0.5,,,,,,,,0.875
298,SERBANOIU Andreea,ROU,,,,,0.5,0.0,0.0,,,,0.25,,,,,,,,0.75
299,YUCEL Emine Irmak,TUR,,0.25,,0.25,,,0.0,,0.25,,,,0.0,,,,,,0.75
300,KERKESER Maya,TUR,,,,0.0,,0.0,0.75,,,,,,,,,,,,0.75
301,OVESIA Anna,ROU,,,,,0.0,,0.75,,,,,,,,,,,,0.75
302,YANG Shuhan,HKG,,,,,,,,,,,,0.75,,,,,,,0.75
303,JANG Jiwon,KOR,,,,,,,,,,,,0.75,,,,,,,0.75
304,ZHOU Tianyi,CHN,,,,,,,,,,,,0.75,,,,,,,0.75
305,JIMENO MORA Lucia,ESP,,,,,,,0.75,,,,,,,,,,,,0.75
306,LI Jia Ying,CAN,,,,,,,,,0.5,,0.0,0.0,0.25,,,,,,0.75
307,SKONIECZNA Daria,POL,,,,,,0.0,0.75,,,,0.0,,,,,,,,0.75
308,BOGNAR Liza,HUN,,,0.0,,,,0.375,0.0,,,0.25,,,,,,,,0.625
309,GIOVANNELLI Amelia,ITA,,,0.5,,,,,,,,,,,,,,,,0.5
310,TAN Kai Li Christine,SGP,,0.0,,0.5,,,,,,,,,,,,,,0.0,0.5
311,SUZANNE Coline,FRA,,0.5,,,,,0.0,,,,,,,,,,,,0.5
312,LUTEA Tania,ROU,,,,,0.5,,,,,,,,,,,,,,0.5
313,KEREM Zehra,TUR,,,,0.5,,,,,,,,,,,,,,,0.5
313,COURT Lucie,FRA,,0.5,,,,,,,,,,,,,,,,,0.5
315,CERRO JIMENEZ Marta,ESP,,0.0,,,0.5,0.0,0.0,0.0,,,,,,,,,,,0.5
316,VITLIEMOVA Viktoria,BUL,,,,0.25,0.25,,0.0,,,,,,,,,,,,0.5
317,SU Ruoshui,GER,,0.0,0.25,,,,,,,,0.25,,,,,,,,0.5
318,O'REILLY Hannah,GBR,,0.0,0.25,,,,0.0,,,,0.25,,,,,,,,0.5
319,HAACK Mirja-Lena,GER,,0.0,0.0,,,,,,,,,,0.5,,,,,,0.5
320,MITRUS Alexandra,ROU,,,,,0.0,,,,,,0.5,,,,,,,,0.5
321,KANETAKA Seisa,JPN,,,,,,0.0,0.0,0.0,0.5,,,0.0,,,,,,,0.5
322,CARVALHO Isabela,BRA,,,,,,,,,0.5,,,,,,,,,,0.5
323,KIM Zoe,USA,,,,,,,,,,,,,0.5,,,,,,0.5
323,XU Yiyun,CHN,,,,,,,,,,0.5,,,,,,,,,0.5
325,SKARBONKIEWICZ Magda,USA,,,,,,,,,0.5,,,,,,,,,,0.5
326,UTEBAEVA Nargiza,UZB,,,,,,,,,,0.5,,,,,,,,,0.5
327,GU Jiarong,CHN,,,,,,0.5,,,,,,,,,,,,,0.5
328,MALGREM Klaudia,POL,,,,,,,0.0,,,0.0,0.5,,,,,,,,0.5
329,MISHAKINA Polina,RUS,,,,,,0.5,,,,,,,,,,,,,0.5
330,LOU Xiyi,CHN,,,,,,,,,,0.5,,,,,,,,,0.5
331,SHTREVENSKY Maria,CAN,,,,,,,,,0.0,,,,0.5,,,,,,0.5
332,VENTURA Eva,ESP,,,,,,0.5,,,,,,,,,,,,,0.5
333,SAIDULLAYEVA Nargiz,KAZ,,,,,,,,0.0,,,0.5,,,,,,,,0.5
334,FOX-GITOMER Chloe,USA,,,,,,,,,0.5,,,,,,,,,,0.5
335,CARAFA Gaia Karola,ITA,,,,,,,,,,,0.5,,,,,,,,0.5
336,BEVACQUA Aria,USA,,,,,,0.5,,,0.0,,,,,,,,,,0.5
337,MOHAMED Jana,EGY,,,,,,,,,0.5,,,,,,,,,,0.5
338,NOVIKOVA Sofia,RUS,,,,,,,,,,,,,0.5,,,,,,0.5
339,ZOU Yelin,AUS,,,,,,,0.375,,,,,,,,,,,,0.375
340,CHEN Xiaohan,CAN,,,,,,,0.375,,0.0,,,,,,,,,,0.375
341,GADZHEVA Ralitsa,BUL,,,,,0.25,,0.0,,,,0.0,,,,,,,,0.25
342,DAYKIN Kate,GBR,,0.25,,,,,0.0,,,,,,,,,,,,0.25
343,PAPAI Viktoria Zoe,HUN,,,0.25,,,,0.0,,,,,,,,,,,,0.25
344,ONONAIYE Tosin,GBR,,0.25,0.0,,,,,,,,,,,,,,,,0.25
345,ANTONOVA Maya,BUL,,,,0.25,0.0,,,,,,,,,,,,,,0.25
346,CAYRE Juliette,FRA,,0.25,,,,,,,,,,,,,,,,,0.25
347,SCHLAFFER Dorothea,GER,,0.25,0.0,,,,,,,,,,,,,,,,0.25
348,CORCORAN Erin,GBR,,0.0,0.25,,,,,,,,,,,,,,,,0.25
349,ALKAYA Begum,TUR,,,,0.25,,,,,,,,,,,,,,,0.25
349,HRISTOVA Dora,BUL,,,,,0.25,,,,,,,,,,,,,,0.25
351,ALHAMMAD Alhsna,KSA,,,,0.25,,,,,,,,,,,,,,,0.25
351,DEBES Marie,FRA,,0.25,,,,,,,,,,,,,,,,,0.25
353,LUCARINI Lucia,ITA,,,,,0.25,,,,,,,,,,,,,,0.25
353,IVANOVA Borislava,BUL,,,,0.25,,,,,,,,,,,,,,,0.25
355,REZI Luisa,GER,,0.25,0.0,,,,,,,,,,,,,,,,0.25
356,DING Lilac,USA,,0.0,,,0.25,,,,,,,,,,,,,,0.25
357,OZTURK Ece,TUR,,,,0.25,,,,,,,,,,,,,,,0.25
358,THOME Marie,GER,,0.0,0.25,,,,,,,,,,,,,,,,0.25
359,SEZER Yasmin,ROU,,,,,0.25,,,,,,,,,,,,,,0.25
359,KABAKCI Ayse,TUR,,,,0.25,,,,,,,,,,,,,,,0.25
361,DAVIES Ava,GBR,,0.0,0.25,,,,0.0,,,,,,,,,,,,0.25
362,BREER Jana,GER,,0.0,0.0,,0.25,,0.0,,,,,,,,,,,,0.25
363,SISIK Pinar Miray,TUR,,,,0.25,,,,,,,,,,,,,,,0.25
363,FEREDAY Emily,GBR,,0.25,,,,,,,,,,,,,,,,,0.25
365,VERES Amarilla,HUN,,0.0,,0.25,,,,,,,,,,,,,,,0.25
366,CORLATESCU Sofia,ROU,,,,,0.25,,,,,,,,,,,,,,0.25
367,TORREZ GARCIA Emily,VEN,,,,,,,,,,0.0,,,0.25,,,,,,0.25
368,KIM Jamie,CAN,,,,,,,,,0.0,,,0.0,0.25,,,,,,0.25
369,ARTSIUSHENKA Viktoria,BLR,,,,,,0.25,,,,,,,,,,,,,0.25
370,CHUNG Hailey Jiin,CAN,,,,,,,,,0.25,,,,,,,,,,0.25
371,PONICH Marissa,CAN,,,,,,,,,,,0.0,,0.25,,,,,,0.25
372,ZHANG Xuanyi,USA,,,,,,,,,0.25,,,,,,,,,,0.25
373,CHOI Charlotte,USA,,,,,,,,,0.25,,,0.0,,,,,,,0.25
374,MALEK Zolie,USA,,,,,,,,,0.25,,,,,,,,,,0.25
375,GOTO Chisato,JPN,,,,,,,,,,,0.25,,,,,,,,0.25
376,HOLOVKINA Sofia,UKR,,,,,,,,,,,0.25,,,,,,,,0.25
377,LUKASSE Hannah,NED,0.0,0.0,,,,,,,,,,,,,,,,,0.0
378,GUNNARSDOTTIR SMITH Anna Edda,ISL,0.0,,,,,,,,,,,,,,,,,,0.0
379,TANOH Aurore Marie,CIV,,,,,,,,,,,,,,0.0,,,,,0.0
380,LORNG yéble Marie Sabine,CIV,,,,,,,,,,,,,,0.0,,,,,0.0
381,ALKUDMANI Talene,KSA,,,,0.0,,,,,,,,,,,,,,,0.0
382,WEILAND Mia,GER,,0.0,0.0,,,,,,,,,,,,,,,,0.0
383,VLASEVA Iva,BUL,,,,0.0,0.0,,,,,,,,,,,,,,0.0
384,MEDARSKA Sofia-Aleksandra,BUL,,,,0.0,0.0,,,,,,,,,,,,,,0.0
385,KOHL Polina,GER,,0.0,0.0,,,,,,,,,,,,,,,,0.0
386,DUVAN Deniz,TUR,,,,0.0,,,,,,,,,,,,,,,0.0
386,MENTZ Eva,FRA,,0.0,,,,,,,,,,,,,,,,,0.0
388,MILANOVA Kristina,BUL,,,,,0.0,,,,,,,,,,,,,,0.0
388,PORTAKAL Zeliha,TUR,,,,0.0,,,,,,,,,,,,,,,0.0
390,LITSOVA Mia,BUL,,,,0.0,0.0,,,,,,,,,,,,,,0.0
391,NICOLAI Alessandra,ITA,,,0.0,,,,,,,,,,,,,,,,0.0
391,ARSLAN Elizan Tuana,TUR,,,,0.0,,,,,,,,,,,,,,,0.0
391,TERZIYAN Vaya,BUL,,,,,0.0,,,,,,,,,,,,,,0.0
394,ZAGYAPAN Maya,TUR,,,,0.0,,,,,,,,,,,,,,,0.0
395,TIU Arianna Victoria,PHI,,,,,,,,,,,,,,,,,0.0,0.0,0.0
396,DUVAN Irmak,TUR,,,,0.0,,,,,,,,,,,,,,,0.0
396,CHAUSHEVA Ekaterina,BUL,,,,,0.0,,,,,,,,,,,,,,0.0
398,SOJOVSKA Jana,CZE,,0.0,0.0,,0.0,,,,,,,,,,,,,,0.0
399,GALINDO Maria Karina,PER,,,,,,,,,,,,,0.0,,,0.0,,,0.0
400,SAZANJIAN Najmeh,IRI,,,,,,,,,,,,,,,,,0.0,,0.0
400,KUREK Berra,TUR,,,,0.0,,,,,,,,,,,,,,,0.0
402,NEUNER Elyza,GER,,0.0,0.0,,,,,,,,,,,,,,,,0.0
403,NG Vivien Wai Yan,MAS,,,,,,,,,,,,,,,,,0.0,0.0,0.0
404,DE LA CRUZ Maiber Criselis,DOM,,,,,,,,,0.0,0.0,,,0.0,,,0.0,,,0.0
405,BAYRAK Irem Melek,TUR,,,,0.0,,,,,,,,,,,,,,,0.0
405,NUTA Emilia,ROU,,,,,0.0,,,,,,,,,,,,,,0.0
405,BERRY Emily,GBR,,0.0,,,,,,,,,,,,,,,,,0.0
408,CANAL Darma,PER,,,,,,,,,,,,,0.0,,,0.0,,,0.0
409,VELA DE PANDO Marta,ESP,,0.0,,,,,,,,,,,,,,,,,0.0
409,CO SAY Meagan Elizabeth,PHI,,,,,,,,,,,,,,,,,0.0,,0.0
409,NARLIYSKA Eva,BUL,,,,,0.0,,,,,,,,,,,,,,0.0
412,CİCEK Ecem,TUR,,,,0.0,,,,,,,,,,,,,,,0.0
412,LOHBAUER Ivy,GER,,,0.0,,,,,,,,,,,,,,,,0.0
412,SELLAMI Baptistine,FRA,,0.0,,,,,,,,,,,,,,,,,0.0
412,DOBREVA Nikoleta,BUL,,,,,0.0,,,,,,,,,,,,,,0.0
412,IDRIS Syahirah,BRU,,,,,,,,,,,,,,,,,0.0,,0.0
412,CHRISTIE Erika,BOL,,,,,,,,,,,,,,,,0.0,,,0.0
418,MARX Maja,GER,,0.0,0.0,,,,,,,,,,,,,,,,0.0
419,BARRERA Aurora,GUA,,,,,,,,,,,,,,,,0.0,,,0.0
419,UNLU Ece,TUR,,,,0.0,,,,,,,,,,,,,,,0.0
419,PRIYASHANI Hansi,SRI,,,,,,,,,,,,,,,,,0.0,,0.0
422,TUDELA Maria Fernanda,PER,,,,,,,,,,,,,0.0,,,0.0,,,0.0
423,BOBES Eva,ROU,,,,,0.0,,,,,,,,,,,,,,0.0
423,YILDIRIM Elif Derin,TUR,,,,0.0,,,,,,,,,,,,,,,0.0
423,KRASTEVA Vasilena,BUL,,,,,0.0,,,,,,,,,,,,,,0.0
426,MCGLINCHEY Saoirse,IRL,,0.0,,0.0,0.0,,,,,,,,,,,,,,0.0
427,YAÑEZ MARIA SOL,PER,,,,,,,,,,,,,0.0,,,0.0,,,0.0
428,SCHEIBKE Marla,GER,,,0.0,,,,,,,,,,,,,,,,0.0
429,VASQUEZ Trinidad,CHI,,,,,0.0,,,,,0.0,,,0.0,,,0.0,,,0.0
430,MANSO Constanza,CHI,,,,,0.0,0.0,,,,,,,0.0,,,,,,0.0
431,ANDURAY Lorena Sarai,HON,,,,,,,,,,,,,,,,0.0,,0.0,0.0
432,IRIARTE Briana,BOL,,,,,,,,,,,,,,,,0.0,,,0.0
432,ORONOVA Hristina,BUL,,,,,0.0,,,,,,,,,,,,,,0.0
432,BRIERLEY Bethany,GBR,,0.0,,,,,,,,,,,,,,,,,0.0
432,ALMUAMMAR Ahad,KSA,,,,0.0,,,,,,,,,,,,,,,0.0
436,BRAY Jenna,GBR,,0.0,0.0,,,0.0,,,0.0,0.0,0.0,,,,,,,,0.0
437,GULERER İlayda Linda,TUR,,,,0.0,,,,,,,,,,,,,,,0.0
438,ROMERO AREVALO Alejandra Maria,ESA,,,,,,,,,,,,,0.0,,,0.0,,,0.0
439,VOYTOVA Viktoria,GER,,,0.0,,,,,,,,,,,,,,,,0.0
439,SONMEZ Asuman Ece,TUR,,,,0.0,,,,,,,,,,,,,,,0.0
441,NIKOLOVA Monika,BUL,,,,0.0,0.0,,,,,,,,,,,,,,0.0
442,SANTA MARIA Marjorie,GUA,,,,,,,,,,,,,,,,0.0,,,0.0
442,OARGA Teodora,ROU,,,,,0.0,,,,,,,,,,,,,,0.0
442,GRAUDINS Gunilla,GER,,,0.0,,,,,,,,,,,,,,,,0.0
445,KAVELI Evangelia Martha,GRE,,,,,0.0,,,,,,,,,,,,,,0.0
445,CLARA Emilia,GER,,,0.0,,,,,,,,,,,,,,,,0.0
445,KALOYANOVA Ana Yoana,BUL,,,,0.0,,,,,,,,,,,,,,,0.0
448,FEODOR Iris,ROU,,0.0,0.0,0.0,,,,,,,,,,,,,,,0.0
449,STEFANOVA Plamena,BUL,,,,0.0,0.0,,,,,,,,,,,,,,0.0
450,ANDERSON Lauren,GBR,,0.0,0.0,,,,,,,,,,,,,,,,0.0
451,AZIZ-PICARDET Eva,GBR,,0.0,,,,,,,,,,,,,,,,,0.0
451,DINKEL Theresa,GER,,,0.0,,,,,,,,,,,,,,,,0.0
453,SAUSSINE Justine,FRA,,0.0,,,,,,,,,,,,,,,,,0.0
453,ALEXANDRESCU Theodora,ROU,,,,,0.0,,,,,,,,,,,,,,0.0
455,KOTLANOVA Erika,CZE,,0.0,0.0,,0.0,,,,,,,,,,,,,,0.0
456,GKOUNTOURA Theodora,GRE,,,,,,,,,,,,,,,0.0,,,,0.0
456,ATANASOVA Eva,BUL,,,,,0.0,,,,,,,,,,,,,,0.0
458,MISHINEVA Natali,BUL,,,,,0.0,,,,,,,,,,,,,,0.0
458,LEWIS Nina,GBR,,,0.0,,,,,,,,,,,,,,,,0.0
460,MORENO Karen,CHI,,,,,0.0,0.0,,,,,,,,,,,,0.0,0.0
461,LYTINA Ekaterini,GRE,,,,,,,,,,,0.0,,,,0.0,,,,0.0
462,MIHAILOVIC Amanda,FRA,,0.0,,,,,,,,,,,,,,,,,0.0
462,GEATARA Adriana,ROU,,,,,0.0,,,,,,,,,,,,,,0.0
462,MIX Esther Marie,GER,,,0.0,,,,,,,,,,,,,,,,0.0
465,NAGY Krisztina,HUN,,0.0,0.0,,,,,,,,,,,,,,,,0.0
466,SAUNDERS Nicole,GBR,,0.0,0.0,,,0.0,,0.0,,,,,,,,,,,0.0
467,HOFMAN Henriette,NED,,0.0,,,,,,,,,,,,,,,,,0.0
467,MITRUS Andreea,ROU,,,,,0.0,,,,,,,,,,,,,,0.0
469,LIU Kathryn,GBR,,0.0,,,,,,,,,,,,,,,,,0.0
469,JAEHRING Caroline,GER,,,0.0,,,,,,,,,,,,,,,,0.0
469,APOSTOLOVA Marina,BUL,,,,,0.0,,,,,,,,,,,,,,0.0
472,LIKAJ Giada,ITA,,,0.0,,,,,,,,,,,,,,,,0.0
473,NIELSSON Marie,DEN,,0.0,,,0.0,,,,,,,,,,,,,,0.0
474,LEBENICNIK Neja,SLO,,,0.0,,,,,,,,,,,,,,,,0.0
475,DOWD Kirsten,IRL,,0.0,0.0,,0.0,,,,,,,,,,,,,,0.0
476,FISCHER Karen,GER,,0.0,,,,,,,,,,,,,,,,,0.0
476,CIRLIGEANU Ema,ROU,,,,,0.0,,,,,,,,,,,,,,0.0
478,PESCARU Amelie,ROU,,,,,0.0,,,,,,,,,,,,,,0.0
478,TYMOKHINA Mariia,UKR,,,0.0,,,,,,,,,,,,,,,,0.0
480,CHAN Natallie Yin Xin,SGP,,0.0,,,,,,0.0,,,,,,,,,,,0.0
481,HEUBEL Charlotte,GER,,,0.0,,,,,,,,,,,,,,,,0.0
482,THOME Nicole,GER,,0.0,0.0,,,,,,,,,,,,,,,,0.0
483,MOLL Lucile,FRA,,0.0,,,,,,,,,,,,,,,,,0.0
484,CHOI Maiya,GBR,,0.0,,,,,,,,,,,,,,,,,0.0
484,MAZZOLA Christina,GER,,,0.0,,,,,,,,,,,,,,,,0.0
484,TSVETKOVA Katerina,BUL,,,,,0.0,,,,,,,,,,,,,,0.0
487,GHOSH Priyanka,USA,,,,,0.0,,,,,,,,,,,,,,0.0
488,HOLECKOVA Sandra Adela,CZE,,,0.0,,,,,,,,,,,,,,,,0.0
488,WAX Frieda,GER,,,0.0,,,,,,,,,,,,,,,,0.0
488,ROS Charlotte,BEL,,0.0,,,,,,,,,,,,,,,,,0.0
488,AROYO Aya,BUL,,,,,0.0,,,,,,,,,,,,,,0.0
492,GENOVA Mihaela,BUL,,,,,0.0,,,,,,,,,,,,,,0.0
493,DELANNOY Alix,FRA,,0.0,,,,,,,,,,,,,,,,,0.0
493,TONEVA Ema,BUL,,,,,0.0,,,,,,,,,,,,,,0.0
495,GENKOVA Desislava,BUL,,,,,0.0,,,,,,,,,,,,,,0.0
496,JOSEPH Thea,GBR,,0.0,,,,,,,,,,,,,,,,,0.0
497,SHIMMIN Clara,GBR,,0.0,,,,,,,,,,,,,,,,,0.0
498,CAMPOAMOR DAVILA CANDELA,ESP,,0.0,,,,,,,,,,,,,,,,,0.0
499,TACK Zoe,BEL,,0.0,,,,,,,,,,,,,,,,,0.0
500,FEREDAY Jessica,GBR,,0.0,,,,,,,,,,,,,,,,,0.0
500,KLARER Romane,FRA,,0.0,,,,,,,,,,,,,,,,,0.0
502,MCDOUGALL Alicia,GBR,,0.0,,,,,,,,,,,,,,,,,0.0
503,BONADONA AUZA Rafaela Luciana,BOL,,0.0,,,,,0.0,,,,,,,,,,,,0.0
504,VERTENTEN Florence,BEL,,0.0,,,,,,,,,,,,,,,,,0.0
505,LORA GOMA Maria,ESP,,0.0,,,,,,,,,,,,,,,,,0.0
505,ABRAS Lucie,BEL,,0.0,,,,,,,,,,,,,,,,,0.0
507,JOHNSTON Caitlin,IRL,,0.0,,,,,,,,,,,,,,,,,0.0
508,VAN PETEGEM Elisa,BEL,,0.0,,,,,,,,,,,,,,,,,0.0
508,D'AUBIOUL Manou,BEL,,0.0,,,,,,,,,,,,,,,,,0.0
510,SERVRANCKX Veronika,BEL,,0.0,,,,,,,,,,,,,,,,,0.0
510,VERDEYEN Anne-Lucie,BEL,,0.0,,,,,,,,,,,,,,,,,0.0
512,VERMEERSCH Lore,BEL,,0.0,,,,,,,,,,,,,,,,,0.0
513,DELA SERNA Kaikaku,PHI,,,,,,,,,,,,,,,,,,0.0,0.0
514,WEI Yutian,HKG,,,,,,,,,,,,0.0,,,,,,,0.0
515,KUZNETSOVA Maria,RUS,,,,,,,,,,0.0,,,,,,,,,0.0
516,CHOI Yeni,KOR,,,,,,,,,,,,0.0,,,,,,,0.0
517,YOUNG Charlotte,USA,,,,,,,,,,0.0,,,,,,,,,0.0
517,PHUNG Thi Khanh Linh,VIE,,,,,,,,,,,,0.0,,,,,,,0.0
519,GUGALA Hanna,USA,,,,,,,,,,0.0,,,,,,,,,0.0
520,SANYA Sanya,IND,,,,,,,,0.0,,,,,,,,,,,0.0
521,JEON Suin,KOR,,,,,,,,,,,,0.0,,,,,,,0.0
521,BEKBAULIEVA Tulkinoy,UZB,,,,,,,,,,0.0,,,,,,,,,0.0
521,REZGUI Yesmine,TUN,,,,,,,,0.0,,,,,,,,,,,0.0
524,BENCHEKOR Naila,ALG,,,,,,0.0,,0.0,,,,,,,,,,0.0,0.0
525,MCROBERT Isobel,AUS,,,,,,,,0.0,0.0,,,0.0,,,,,,0.0,0.0
526,LUI Sum Yi Katy,HKG,,,,,,,,,0.0,,,0.0,,,,,,,0.0
527,CONTRERAS Patricia,VEN,,,,,,,,,,,,,,,,,,0.0,0.0
527,IMRAN Nur Irdina Amani,MAS,,,,,,,,,,,,,,,,,,0.0,0.0
529,HUAYHONGTHONG Poonpatsorn,THA,,,,,,,,,,,,0.0,,,,,,,0.0
530,BOUAJINA Aicha,TUN,,,,,,0.0,,0.0,,,,,,,,,,,0.0
531,SABARATNAM Resha Shaveena,MAS,,,,,,,,,,,,,,,,,,0.0,0.0
532,BELKAHLA Afnane Djaouaher,ALG,,,,,,0.0,,0.0,,,0.0,,,,,,,,0.0
533,WANG Chenyi,CHN,,,,,,,,,,,,0.0,,,,,,,0.0
534,GANIEVA Sevara,UZB,,,,,,,,,,0.0,,,,,,,,,0.0
534,TIN Kayla Sze Jit,AUS,,,,,,,,,,,,,,,,,,0.0,0.0
536,PEN Narita,CAM,,,,,,,,,,,,,,,,,,0.0,0.0
536,KUNASHEVA Malena,RUS,,,,,,,,,,,,0.0,,,,,,,0.0
536,HEZAMI Olfa,TUN,,,,,,,,0.0,,,,,,,,,,,0.0
539,RSALINA Adilya,KAZ,,,,,,,,,,0.0,,,,,,,,,0.0
540,YU Kit,HKG,,,,,,,,,,,,0.0,,,,,,,0.0
541,BEN ISMAIL Kenz,TUN,,,,,,,0.0,0.0,,,,,,,,,,,0.0
542,CHAVAN Arya,USA,,,,,,,,,0.0,0.0,,,,,,,,,0.0
543,KHUSANBOEVA Bibiaisha,UZB,,,,,,,,,,0.0,,,,,,,,,0.0
544,PHAM Thi Thu Hoai,VIE,,,,,,,,,,,,0.0,,,,,,,0.0
545,BHARAD Kashish Deepak,IND,,,,,,,,,,0.0,,,,,,,,,0.0
546,JOO Yebin,KOR,,,,,,,,,,,,0.0,,,,,,,0.0
546,MANN Sophia,USA,,,,,,,,,,0.0,,,,,,,,,0.0
548,RUZIEVA Salima,UZB,,,,,,,,,,0.0,,,,,,,,,0.0
548,SASAKAWA Rika,JPN,,,,,,,,,,,,,0.0,,,,,,0.0
548,OOKA Shion,JPN,,,,,,,,,,,,0.0,,,,,,,0.0
551,BABADJANOVA Darina,UZB,,,,,,,,,,0.0,,,,,,,,,0.0
552,AIME Amalia,FRA,,,,,,,,,,,,0.0,,,,,,,0.0
552,KURBONOVA Karina,UZB,,,,,,,,,,0.0,,,,,,,,,0.0
552,NOMOTO Mao,JPN,,,,,,,,,0.0,,,,,,,,,,0.0
555,LAISHRAM Abi Devi,IND,,,,,,,,,,0.0,0.0,,,,,,,,0.0
556,FONG Yi Tak,HKG,,,,,,,0.0,,,,,,,,,,,,0.0
556,BOUNGAB Wissem,ALG,,,,,,0.0,,,,,,,,,,,,,0.0
558,GAN Si Yu,HKG,,,,,,,,,,,,0.0,,,,,,,0.0
559,BENITEZ ZERPA Oriana,VEN,,,,,,,,,0.0,0.0,,,0.0,,,,,,0.0
560,OSPANOVA Alina,KAZ,,,,,,,,,,0.0,,,,,,,,,0.0
561,NDAO Mame Awa,SEN,,,,,,,0.0,0.0,,,,,,,,,,,0.0
562,FERJANI Rania,TUN,,,,,,,,0.0,,,,,,,,,,,0.0
563,FELIX LARA Rossy,DOM,,,,,,,,,,0.0,,,0.0,,,,,,0.0
564,HATEM SIVIRA Ivana,VEN,,,,,,0.0,,,,0.0,,,0.0,,,,,,0.0
565,ZHU Xiaojing,CHN,,,,,,0.0,,,,,,,,,,,,,0.0
565,HUANG Shang Chen Doris,CAN,,,,,,,,,0.0,,,,,,,,,,0.0
565,GOMEZ VALERA Elena,ESP,,,,,,,0.0,,,,,,,,,,,,0.0
568,SHI Julia,CAN,,,,,,,,,0.0,,,,,,,,,,0.0
569,CHEBBI Elaa,TUN,,,,,,,,0.0,,,,,,,,,,,0.0
570,ZHENG Yanhua,CHN,,,,,,,0.0,,,,,,,,,,,,0.0
570,LAKHOUA Salma,TUN,,,,,,,,0.0,,,,,,,,,,,0.0
572,SENOGLU Irmak,TUR,,,,,,,,,0.0,,,,,,,,,,0.0
573,SANCHEZ LOPEZ Dariana,VEN,,,,,,,,,,,,,0.0,,,,,,0.0
573,VINOGOROVA Sofiia,USA,,,,,,,,,0.0,,,,,,,,,,0.0
575,FERNANDEZ AVILA Mar,ESP,,,,,,0.0,,,,,,,,,,,,,0.0
575,DRISS Tahra Oumaima,ALG,,,,,,0.0,,,,,,,,,,,,,0.0
577,CASTANO CORDERO Maria,ESP,,,,,,,0.0,,,,,,,,,,,,0.0
578,ZAMBRANO RAMIREZ Natalia,VEN,,,,,,,,,,,,,0.0,,,,,,0.0
579,TORRES Gabriela,PER,,,,,,,,,,,,,0.0,,,,,,0.0
579,GAUTAM Sahana,USA,,,,,,,,,0.0,,,,,,,,,,0.0
581,LO Mariama,SEN,,,,,,0.0,,,,,,,,,,,,,0.0
582,BORRELLI Elisabetta,ITA,,,,,,,,,0.0,,,,,,,,,,0.0
582,RATTO Gia,PER,,,,,,,,,,,,,0.0,,,,,,0.0
582,DIOUF Ndeye Marie,SEN,,,,,,0.0,,,,,,,,,,,,,0.0
585,ROUIBET OUMAIMA,ALG,,,,,,0.0,,,,,,,,,,,,,0.0
585,CHONG Hoi Yan,HKG,,,,,,,,,0.0,,,,,,,,,,0.0
587,VELARDE Josefina,PER,,,,,,,,,,,,,0.0,,,,,,0.0
588,OVIEDO Adriana,PER,,,,,,,,,,,,,0.0,,,,,,0.0
589,ROSALES Nina,PER,,,,,,,,,,,,,0.0,,,,,,0.0
589,ALBARRAN Domenica,PER,,,,,,,,,,,,,0.0,,,,,,0.0
591,GONZALEZ Diana,MEX,,,,,,,,,0.0,,,,,,,,,,0.0
591,FAUR Elea,FRA,,,,,,,0.0,,,,,,,,,,,,0.0
593,PAIZI Marina,GRE,,,,,,,,,,,0.0,,,,,,,,0.0
594,SCHIMINOVICH Sophia,USA,,,,,,,,,0.0,,,,,,,,,,0.0
595,GRIMPAVIOTI Eleonora,GRE,,,,,,,,,,,0.0,,,,,,,,0.0
596,EFSTRATIOU Maria Anna,GRE,,,,,,,,,,,0.0,,,,,,,,0.0
597,KONDEV Elizabeth,USA,,,,,,,,,0.0,,,,,,,,,,0.0
598,MAVRIKAKI Athinais,GRE,,,,,,,,,,,0.0,,,,,,,,0.0
598,JOHNSON Dagny,USA,,,,,,,,,0.0,,,,,,,,,,0.0
600,ATHINAIOU Despoina,GRE,,,,,,,,,,,0.0,,,,,,,,0.0
601,IAKOVIDOU Alexandra Beatrice,CZE,,,,,,,,,0.0,,0.0,,,,,,,,0.0
602,GLOTTE Elia,ISR,,,,,,,,,,,0.0,,,,,,,,0.0
603,LI Sonia,CAN,,,,,,,,,0.0,,,,,,,,,,0.0
604,SANTOS Stella,BRA,,,,,,,0.0,,,,,,,,,,,,0.0
605,ASIMAKOPOULOU Filomila,GRE,,,,,,,,,,,0.0,,,,,,,,0.0
606,ALSHAARAWI RODRÍGUEZ Sofía Ahmed,MEX,,,,,,,,,0.0,,,,,,,,,,0.0
607,HOFMAN Karolina,POL,,,,,,,0.0,,,,,,,,,,,,0.0
607,KIS Abigel,HUN,,,,,,,,,,,0.0,,,,,,,,0.0
609,BALDO Zoe Marie,CRO,,,,,,,,,,,0.0,,,,,,,,0.0
610,GALEA Maria,GRE,,,,,,,,,,,0.0,,,,,,,,0.0
611,PALASKA Agni,GRE,,,,,,,,,,,0.0,,,,,,,,0.0
612,GERONIKOU Anna,GRE,,,,,,,,,,,0.0,,,,,,,,0.0
613,PAPAGEORGIOU Ilektra,GRE,,,,,,,,,,,0.0,,,,,,,,0.0
614,ANASTASOPOULOU Eirini,GRE,,,,,,,,,,,0.0,,,,,,,,0.0
615,MOUTOPOULOU Evangelia,GRE,,,,,,,,,,,0.0,,,,,,,,0.0
615,KALLIANIOTI MARINA DOROTHEA,GRE,,,,,,,,,,,0.0,,,,,,,,0.0
